date,dex_volume_usd,curve_volume_usd,bridge_deposit_usd,bridge_withdraw_usd,bridge_net_flow,eth_stablecoin_supply,eth_stablecoin_minted,eth_stablecoin_bridged
2023-02-01,2962028793,213015103.0,118801319.56315461,111261986.97264537,7539332.590509236,81872561320,93715967603,129985585
2023-02-02,3739177123,204600876.0,172373302.33686325,136840986.10298446,35532316.23387879,81804221077,93670131546,128580835
2023-02-03,3104546126,236495317.0,168064266.54052952,155052116.97412506,13012149.566404462,81822648229,93724826503,128123496
2023-02-04,2218863262,142235389.0,101581852.78627674,79308277.58684316,22273575.19943358,81707752974,93605292703,129001759
2023-02-05,2527352058,220146599.0,77567922.39203833,72282463.9174829,5285458.474555433,81697384991,93617288143,129857532
2023-02-06,2671643581,195310954.0,134511795.41005528,120127296.58434094,14384498.825714335,81734930180,93660348219,131385336
2023-02-07,3503055213,329585681.0,136722332.2067552,101138226.0403127,35584106.16644248,81239536872,93171632132,131364225
2023-02-08,3192395531,246413134.0,181208780.45661247,175727277.89292303,5481502.5636894405,81051857155,93022779856,131590299
2023-02-09,4248707565,330626470.0,138495708.4926645,128962386.12513593,9533322.367528558,80902906874,92915262336,131638310
2023-02-10,4034590225,270235226.0,129756980.83305356,91303279.5248822,38453701.30817136,80584214768,92602292776,131762991
2023-02-11,2774511966,155276316.0,91867964.63651936,74742252.59981658,17125712.036702782,80469879276,92498091872,131621404
2023-02-12,2068986364,107338159.0,73794575.87106077,61479976.66343255,12314599.20762822,80414279472,92435414893,130578905
2023-02-13,3496980009,,191876340.69513136,226438253.1065268,-34561912.41139543,80335961879,92356093137,130263249
2023-02-14,3448704627,256624768.0,148576025.61813876,162450281.50596055,-13874255.887821794,79899463033,91794277623,128219262
2023-02-15,3401065854,187522792.0,158266635.92863962,135129423.11408547,23137212.814554155,79517022576,91377915640,129044058
2023-02-16,4603432449,220700013.0,202859775.10104224,145917870.0374863,56941905.063555926,78950640552,90804083091,127933846
2023-02-17,3707097260,170780127.0,176492984.16548106,120575072.56655054,55917911.59893052,78781753962,90650419192,123644435
2023-02-18,2179624169,122440175.0,144155648.9261883,127322003.85822687,16833645.067961425,78571999734,90477105479,124084349
2023-02-19,2697053228,110733086.0,153759842.13571417,127526311.74462767,26233530.391086504,78467393486,90380314981,124166716
2023-02-20,2830822383,145179523.0,181090157.55559707,136325916.52888933,44764241.02670774,78504914024,90438551367,122755143
2023-02-21,3416189574,156435963.0,183924268.2963143,117584553.5784485,66339714.717865795,78133016089,90086245676,123402535
2023-02-22,3295093975,128091875.0,118439057.07622525,103069895.11138892,15369161.96483633,77832860692,89830020189,124400753
2023-02-23,2856544365,199053314.0,148992761.74348003,156671493.39205265,-7678731.648572624,79321117997,89328484656,124430497
2023-02-24,3056164636,154262132.0,140509257.8607613,100566546.02187927,39942711.838882044,79170784775,89184751024,123043279
2023-02-25,1857180044,103991209.0,555565019.6617992,75362081.88761704,480202937.77418214,78977686269,89017955209,127588386
2023-02-26,1737763435,103007295.0,91558106.55399692,117471617.41664681,-25913510.862649888,79061453997,89108552635,127584557
2023-02-27,2453132624,130176173.0,143778475.60830727,143079273.9132511,699201.6950561702,78965103277,89006312666,127490665
2023-02-28,2435638695,117498132.0,185024488.47714263,135193353.28470346,49831135.19243917,78645812594,88705599019,128212156
2023-03-01,2801439142,130315767.0,119815809.9260952,149181528.96247756,-29365719.036382362,78470135102,88600707559,127123403
2023-03-02,2757034932,238603541.0,124414807.51159996,166544147.3446633,-42129339.833063334,78237489639,88368602122,127082332
2023-03-03,2972819618,189573177.0,128395468.04059908,144192539.0610761,-15797071.020477027,78426981589,88532343289,126702673
2023-03-04,1505992687,42311310.0,84998063.00854914,527790489.4095716,-442792426.40102243,78628805564,88745011385,120526540
2023-03-05,1783224988,97699348.0,98227118.01044935,89415936.40426187,8811181.606187478,80225268640,90348827807,120561836
2023-03-06,2111814588,209924814.0,133219515.15652296,131621912.73561817,1597602.4209047854,80249811275,90394335755,120694776
2023-03-07,2874869880,370295912.0,155538657.96524492,151419539.58342513,4119118.3818197846,79817257626,89958240466,120961898
2023-03-08,2526276163,132302667.0,170298993.24545962,146415118.72804523,23883874.51741439,79579695514,89732622460,120731175
2023-03-09,3022942655,172390352.0,193355770.38218585,168455549.32858592,24900221.053599924,79693541886,89855290931,123691079
2023-03-10,7259193891,1419879654.0,227890611.71702877,192003686.48481482,35886925.232213944,79681752163,89824452961,123168424
2023-03-11,7078236605,,720291065.9067575,751864171.8567573,-31573105.94999981,79105246063,89209324641,123183501
2023-03-12,7955685790,2404042292.0,185040628.13841256,223447235.57448113,-38406607.436068565,76985731368,86788041765,102268812
2023-03-13,8695241221,2116301331.0,261286195.33441198,232391397.78507942,28894797.54933256,79059002646,89065279519,105612964
2023-03-14,6191647586,793680042.0,223255316.2390466,213494409.29957676,9760906.939469844,77740511842,87741607671,106258610
2023-03-15,5017276906,650309439.0,169048880.77718276,133758595.87576714,35290284.901415616,77358046404,86740394668,105547502
2023-03-16,2876276624,524766296.0,200305313.5656747,209103318.90605006,-8798005.340375364,77096425525,86548389063,105667336
2023-03-17,4436815151,623146993.0,185841668.5356149,183442486.95029643,2399181.585318476,76659371614,86101366803,105068908
2023-03-18,3689954771,346661685.0,180452668.90063742,163245241.02014717,17207427.880490243,75872336532,85298976166,104921110
2023-03-19,3037650091,289866105.0,182595832.8681053,166303123.24218976,16292709.625915527,76058539272,85535849378,104837842
2023-03-20,3818358659,379354727.0,136138828.7367774,118117088.34833011,18021740.388447285,75922328483,85430898585,105065975
2023-03-21,3283289150,228492011.0,134635148.13201797,132545297.58241756,2089850.5496004075,75536133137,85062172923,105056751
2023-03-22,4642783922,162525424.0,188939479.7589296,131242131.40879126,57697348.35013835,75066772944,84536649384,104791008
2023-03-23,4042538562,250325092.0,503967870.81681824,269077427.6150885,234890443.2017297,74817411201,84329505021,103537369
2023-03-24,3952590645,226397099.0,287660454.62506944,214307854.30568144,73352600.319388,74229538528,83840547325,103447929
2023-03-25,2197220009,156239695.0,128836006.3188093,124107595.76673688,4728410.552072421,74105658666,83799404204,103842924
2023-03-26,2168799942,154758338.0,144168044.0012808,153085711.34741822,-8917667.346137404,74231652972,83931965732,103832777
2023-03-27,3017613054,231355381.0,205748183.38517666,208361017.59901458,-2612834.2138379216,73763826687,83398478886,103178553
2023-03-28,2625674270,153524207.0,170267580.94571298,148885408.0020906,21382172.94362238,73224635107,82836255502,103180042
2023-03-29,3303057344,162525424.0,124050415.75612067,100025825.69047393,24024590.065646738,72874281188,82478896978,103603234
2023-03-30,3241896991,169016100.0,74537917.55138458,72005173.60673882,2532743.9446457624,72729335300,82355245327,103755751
2023-03-31,2709589122,189366669.0,167151825.6606475,167953033.3942826,-801207.7336350977,72538389370,82201176455,103657925
2023-04-01,1834964296,94408634.0,120726479.69871868,111305302.4614296,9421177.237289086,72097175530,81772434108,103401215
2023-04-02,1950640833,89050689.0,120473526.6865928,109955809.34658645,10517717.340006351,72008388418,81691955470,103511049
2023-04-03,3053236045,176489796.0,269497648.4071675,199642943.9851755,69854704.421992,72034251672,81733764195,103513179
2023-04-04,2609651061,146395346.0,199348412.35142666,181160976.15206268,18187436.199363977,72423024238,82198104934,103300885
2023-04-05,2669657562,127975229.0,201532032.85332495,181731799.50855926,19800233.344765693,71846646277,81618216664,103207917
2023-04-06,2168549713,132369991.0,203585882.89638743,204241128.22002667,-655245.3236392438,71723680033,81499988145,103480257
2023-04-07,1535222222,80982361.0,141024160.5869157,146633256.1268135,-5609095.5398977995,71800403031,81593733278,103358933
2023-04-08,1426378248,137797931.0,188062640.50320187,179872518.85488033,8190121.648321539,71863045279,81673519403,103723218
2023-04-09,1553301875,113198522.0,266370161.36454475,180455795.5549911,85914365.80955365,71938625545,81800171415,103830487
2023-04-10,2017709113,107943159.0,243648555.71255627,199555469.20914868,44093086.5034076,71741818424,81612472457,103798285
2023-04-11,2355136264,148088174.0,212464061.20942765,210509322.3996689,1954738.8097587526,71800941574,81658710967,103804771
2023-04-12,2812504021,189811469.0,212147284.4699178,250496478.47949982,-38349194.00958201,71814197072,81650123298,103665891
2023-04-13,3088780556,264347522.0,246808548.1162987,233169043.64875457,13639504.467544138,71615904930,81421447902,103509569
2023-04-14,4100106452,252880732.0,288365272.4804861,246764618.24154273,41600654.23894337,71477773749,81302205575,103604929
2023-04-15,2284673535,110459289.0,198246234.0220418,204876684.1793004,-6630450.1572586,71295688219,81173158965,103532854
2023-04-16,2412903440,103086096.0,200209511.75435472,219825339.87583584,-19615828.12148112,71354363881,81214815704,103498250
2023-04-17,2769582365,130405053.0,215121981.94529578,215337683.92294386,-215701.9776480794,71323518269,81161520206,103481294
2023-04-18,3323066003,112223011.0,188202359.69497746,225240748.00517195,-37038388.31019449,71027369242,80865028528,103392506
2023-04-19,3973175662,152142061.0,169572237.59195402,224152139.58754337,-54579901.995589346,70811926486,80554961480,103516053
2023-04-20,3315156423,161224633.0,168690665.51438004,180410477.3564479,-11719811.842067868,70688160467,80421594658,103496553
2023-04-21,3491272069,229531560.0,167632401.7886304,163113033.8027972,4519367.985833198,70704046505,80398442278,103227141
2023-04-22,1723268053,121536070.0,202957679.5909243,166901948.10805503,36055731.48286927,70301987206,79980486218,103566690
2023-04-23,1715908752,95935652.0,122661790.64524019,137011775.76454338,-14349985.119303197,70261989278,79965034791,103524701
2023-04-24,2348555584,140814203.0,150314892.8887398,202339807.62092608,-52024914.73218629,70309626149,79980462582,103562007
2023-04-25,2458719238,157307892.0,179547809.80011103,229308699.60780504,-49760889.80769402,70176847772,79819066312,103713815
2023-04-26,3727828345,177312943.0,226608021.37714937,208385490.0089025,18222531.368246883,70042134646,79677959794,103682358
2023-04-27,3544991638,248066095.0,234372839.66257408,192591706.4705876,41781133.19198647,69992675646,79672568284,103025431
2023-04-28,2091730926,139603351.0,143109990.97677076,165166391.44954273,-22056400.472771972,69755645698,79489522938,103699756
2023-04-29,1482746778,102709694.0,134093601.01588103,125316347.85033393,8777253.165547103,69556905221,79245111524,103452781
2023-04-30,2067103703,95369086.0,116660247.49647515,153694686.34526792,-37034438.84879278,69680380480,79368247400,103658954
2023-05-01,2650141104,147145642.0,131867714.36973812,164364139.95129436,-32496425.581556246,69715941631,79384294807,103539936
2023-05-02,2344890900,132621864.0,141368473.03636006,199314150.84290984,-57945677.80654979,69611583177,79227865786,103054769
2023-05-03,2816530924,141725042.0,156819024.69565824,137506732.56137538,19312292.134282857,69558278353,79202687396,103038071
2023-05-04,2176833152,105436274.0,270241510.7097359,226116264.01273647,44125246.6969994,69340714420,78954555734,103036706
2023-05-05,3735354067,105187148.0,179493667.18551713,188374228.52679756,-8880561.34128043,69157761182,78799253200,103133810
2023-05-06,3551390344,117891803.0,147964433.09291226,133442202.1707313,14522230.92218095,69511615897,79121142994,103200087
2023-05-07,2316701148,70208333.0,121235313.51218061,135964423.93044105,-14729110.41826044,69444176453,79055158420,103111471
2023-05-08,3771156448,151089396.0,173012336.71351558,165622219.65064964,7390117.062865943,69383647039,78990188996,102923131
2023-05-09,2428483940,141027461.0,140888950.33324268,130607809.99480231,10281140.338440374,69311919588,78910824121,103023785
2023-05-10,3432164958,153603076.0,178009541.85715103,177559455.42146966,450086.4356813729,69214663933,78833320732,102894701
2023-05-11,3228302437,173992493.0,166483522.0219366,160966642.79215756,5516879.229779035,69000640861,78590749185,103139025
2023-05-12,3434395664,150771616.0,145547252.65186882,214473214.07249218,-68925961.42062336,68816183325,78447184763,103059822
2023-05-13,1691529914,49424171.0,142325338.11714596,140167518.70709115,2157819.410054803,68826503954,78354912586,102807983
2023-05-14,1501741654,58085931.0,145181051.33595505,172756890.33438176,-27575838.998426706,68837652792,78377664924,102694788
2023-05-15,2048121504,99599355.0,152319832.22741666,158579994.9981053,-6260162.770688623,68855379274,78368424384,102685590
2023-05-16,1943725922,123309030.0,143869725.24037668,126674695.31442852,17195029.925948158,68698315634,78216276750,102695332
2023-05-17,2373980397,124935747.0,208703486.43251842,246207067.9448566,-37503581.51233819,68532170287,78056983473,102667661
2023-05-18,2187574047,112763527.0,482077183.7162018,444170718.09136504,37906465.62483674,68363691423,77813043765,102663666
2023-05-19,1818915993,108618422.0,425308791.10872597,478594334.1754207,-53285543.06669474,69404492106,77927598630,102710605
2023-05-20,1372907205,60564463.0,488495977.1912841,505094944.1014275,-16598966.910143375,69240531452,77721350063,102699350
2023-05-21,1217456260,59375088.0,660327112.4006299,675780738.4313444,-15453626.030714512,69299289560,77791594381,102736131
2023-05-22,1551960355,103986297.0,344514451.4343491,370953748.54966354,-26439297.115314424,69365818677,77829286019,102662337
2023-05-23,2688750707,162525424.0,156611748.98382437,156358199.90600896,253549.07781541348,69287772307,77760238634,102768149
2023-05-24,2262256407,142492229.0,292484147.15811974,355129800.31851745,-62645653.16039771,69115214114,77595004217,102745054
2023-05-25,1919716857,141712531.0,221378635.11159086,210659808.7002608,10718826.411330074,68805561068,77346256841,102606315
2023-05-26,1607128294,91029876.0,199583951.21558368,199111632.0507002,472319.1648834944,68906206600,77454221143,102547630
2023-05-27,1134574940,47535371.0,151531225.51444262,173336123.51405007,-21804897.999607444,68924975865,77482988485,102615826
2023-05-28,1988200991,84262025.0,181831684.88689935,207628350.0678017,-25796665.180902362,68965745960,77519626023,102647381
2023-05-29,2496845154,93856243.0,159365898.01382732,252051435.47140998,-92685537.45758265,68936160215,77501846051,102553802
2023-05-30,1958907547,112822515.0,164297563.8430368,192992640.18630132,-28695076.34326452,68993931874,77515739849,102706567
2023-05-31,1917517982,109644536.0,202417534.77349713,216154241.61367393,-13736706.840176791,68917317799,77441765048,102628856
2023-06-01,1731551787,132980450.0,209328211.23964962,228438442.91803458,-19110231.67838496,68784515815,77289782535,102555805
2023-06-02,1860444801,119144586.0,167415638.565189,190833114.0889624,-23417475.523773402,68729283684,77216793346,102659411
2023-06-03,1311629967,68211724.0,141734390.1806707,162766901.08458322,-21032510.903912514,68845947944,77330022680,102751387
2023-06-04,1235402889,60071842.0,129312512.94199543,149233469.90838838,-19920956.96639295,68794323115,77286583972,103173475
2023-06-05,3133145589,156898091.0,150348345.04212224,261512397.2958036,-111164052.25368136,68821080672,77313479362,103164140
2023-06-06,2808073374,160887492.0,171835876.33933604,171777079.03292722,58797.30640882254,68717390689,77151717450,103094755
2023-06-07,2620562886,166978703.0,163535053.29294428,148395963.80427974,15139089.488664538,68463059256,76896257695,103068989
2023-06-08,1846003186,142478494.0,133833190.28801319,185109503.79430133,-51276313.50628814,68250077282,76697596667,103100840
2023-06-09,1821020389,142741737.0,137509600.52721128,121567592.11499396,15942008.412217319,68126632313,76565178803,103044628
2023-06-10,3971845525,367829096.0,144575501.7665912,142151137.31130606,2424364.455285132,67814093316,76227206353,103054550
2023-06-11,1402255020,135099623.0,144711473.09713522,113992612.0590626,30718861.038072616,67929280999,76341883925,102917157
2023-06-12,2294636397,253462451.0,185719991.5018943,191516947.81918883,-5796956.317294538,67992983398,76421372963,102977161
2023-06-13,2188938712,195085501.0,178330963.86357403,134217427.34372339,44113536.51985064,68416580692,76832840504,103272647
2023-06-14,2503427463,250548204.0,213095652.30867547,147279659.15742856,65815993.151246905,68475574668,76875523289,103200848
2023-06-15,2662780044,,218050930.10784099,184927330.78069004,33123599.32715094,68304911256,76695616353,103293935
2023-06-16,2109074574,298924502.0,163425035.97775096,149955460.29532036,13469575.682430595,68275360000,76649661369,103100569
2023-06-17,1546839903,143709337.0,164468905.50306815,188354094.36598718,-23885188.862919033,69668053790,78015379265,103049863
2023-06-18,1223481423,55928365.0,122648494.09136689,110819784.5587251,11828709.532641783,69648835734,77986458934,103292820
2023-06-19,1817399467,199890236.0,150722061.53491184,158203423.96924424,-7481362.434332401,69740100003,78069237251,103124245
2023-06-20,2576204415,256449689.0,180341424.57973075,192216011.6544937,-11874587.07476294,69950129598,78243717016,103051517
2023-06-21,3959371682,248575565.0,121276003.81268035,130115647.36950345,-8839643.556823105,70408976950,78727805472,102957346
2023-06-22,3001037826,251128248.0,116758684.81665856,92053494.02542692,24705190.791231632,69995264171,78297969939,103126633
2023-06-23,3041822521,213514146.0,31524223.224050526,22401806.220100433,9122417.003950093,69823382589,78156198850,103081384
2023-06-24,1604167560,102784245.0,62576452.32317695,43486278.56553117,19090173.75764578,69862664998,78206382537,103165932
2023-06-25,2055479522,116497893.0,47457870.39798354,28738353.260775626,18719517.137207918,69942873462,78299726267,103468514
2023-06-26,2602261640,200409684.0,73918760.0098871,77655050.66984443,-3736290.6599573344,69829407874,78178803612,103032023
2023-06-27,2533648425,131265013.0,113684957.47882904,192274792.696123,-78589835.21729396,69791734472,78111923482,103154841
2023-06-28,2206015124,151121402.0,93333903.42448792,99931643.79005286,-6597740.365564942,69693692226,78026954076,103307414
2023-06-29,2014379972,169632260.0,100921303.57008469,99320190.55557396,1601113.0145107359,69370235383,77692411638,103072438
2023-06-30,3904813865,261002410.0,193416584.98585862,197157613.9539594,-3741028.968100786,69201906519,77506822085,101915293
2023-07-01,1661805751,93627369.0,148416982.91889417,135950189.50024912,12466793.418645054,68574807142,76889377003,102022949
2023-07-02,1796066199,90096965.0,170200828.95387483,135555107.5400081,34645721.41386673,68640717702,76870205446,101950574
2023-07-03,2361389184,173165883.0,194513254.75874162,192081633.05167323,2431621.7070683837,68670628452,76911940448,102091683
2023-07-04,1989569729,175427831.0,177673865.39852506,189395637.32514653,-11721771.926621467,69172453970,77115189434,101460557
2023-07-05,1924237144,150626939.0,93854647.70009385,114764729.84417759,-20910082.14408374,69104881476,77045062482,101274600
2023-07-06,2540061848,175048958.0,204129510.3138134,367296414.0581519,-163166903.7443385,69041395557,76947080149,101244408
2023-07-07,2196397496,165087377.0,155040701.6704439,204558701.44300085,-49517999.77255696,68691450491,76622026236,101051177
2023-07-08,1426962923,63504872.0,160803484.87031394,154620643.06427625,6182841.806037694,68685173800,76619974299,101213758
2023-07-09,1322839528,76100673.0,172311056.9712083,187085146.09810993,-14774089.126901627,68639727952,76573990042,101245643
2023-07-10,2518353103,248929907.0,171342686.31796148,188817606.3297995,-17474920.01183802,68572577926,76506875853,100901626
2023-07-11,1728987193,142361603.0,207096985.2102113,212879482.5352451,-5782497.325033784,68462335341,76366430272,101216265
2023-07-12,1922786508,169334747.0,197040350.001223,191658320.4020861,5382029.599136889,68323965153,76235317985,101135610
2023-07-13,3423182571,267178677.0,193732547.87110847,207636793.8379165,-13904245.966808021,68107440981,76022232193,101132314
2023-07-14,3338795951,256122445.0,182825063.64635834,212450771.43557128,-29625707.789212942,68260321076,76184293663,101323753
2023-07-15,1588926516,92537594.0,183440334.24875593,175141342.0856853,8298992.163070619,68142663383,76046709388,101153925
2023-07-16,1486058624,73545618.0,194306732.26340055,132843362.44342563,61463369.81997493,68186278456,76115720544,101160139
2023-07-17,2642138060,208525096.0,190031217.95941463,218216276.43178847,-28185058.472373843,68132035543,76082271195,101127143
2023-07-18,2037626880,141784304.0,209505212.52622655,209417326.06687957,87886.45934697986,67936177761,75886922050,101086473
2023-07-19,1882459507,145582597.0,149948801.37871125,152483750.60092404,-2534949.2222127914,67947417989,75884899387,101044806
2023-07-20,1994471528,149265328.0,155207497.40016693,203776271.82513532,-48568774.42496839,67744924387,75647600442,101100445
2023-07-21,1450982404,60815346.0,184335124.37784025,168804048.47291923,15531075.904921025,67677613912,75560261497,101076507
2023-07-22,1481044641,121695007.0,193420886.3506817,161393093.2919195,32027793.058762193,67508404162,75388382909,101102943
2023-07-23,1133269466,44367179.0,156218235.127788,187559053.34674785,-31340818.21895984,67483845572,75383879302,101166351
2023-07-24,1906858845,121700435.0,201522827.84801582,191914759.66202998,9608068.185985833,67442146479,75337621614,101060002
2023-07-25,1366025045,104231635.0,164844688.2854148,251421591.58543244,-86576903.30001765,67319494978,75202886113,101027194
2023-07-26,1786650356,149314885.0,174003466.7979062,181216448.82152125,-7212982.023615062,67238464481,75094896447,101095002
2023-07-27,1500301407,132483672.0,156484135.51243797,129360130.97603472,27124004.536403254,67284509051,75062297227,101171111
2023-07-28,1303321410,129873278.0,148369079.2824385,134496137.23594496,13872942.04649353,67243074020,74954585393,101064661
2023-07-29,1050169270,69498861.0,151702392.14424834,109985745.52904162,41716646.61520672,67075746982,74773432428,101155245
2023-07-30,2274674995,413698753.0,167699557.36286795,155200467.67079222,12499089.69207573,67093884360,74793749451,101095084
2023-07-31,2560237229,356114154.0,167094825.8008073,177577018.6798178,-10482192.879010499,66961519080,74672372436,101006921
2023-08-01,2779481220,415116705.0,161769997.81338906,153997988.7764792,7772009.036909848,66952476439,74636015639,100968216
2023-08-02,2109809734,188273164.0,188012696.6004931,199605753.31836718,-11593056.71787408,66877987048,74532954768,100746056
2023-08-03,1667756031,165665265.0,225871480.7611765,312450475.4910941,-86578994.72991762,66742244257,74371278405,100725200
2023-08-04,1738099747,198483900.0,213588018.7586907,165602253.8917326,47985764.86695811,66617114139,74222736934,100822716
2023-08-05,1783537733,744761615.0,163705872.6199559,154984098.72358215,8721773.896373749,66446689350,74023001995,100733477
2023-08-06,1175504116,125627293.0,127673486.73767395,118335451.30566932,9338035.43200463,66478450723,74029688865,100652636
2023-08-07,1944451500,302278161.0,158485406.27417615,187064143.99257654,-28578737.71840039,66432344724,73982184717,100566758
2023-08-08,2128824625,213773436.0,174494612.27231276,220740380.4045813,-46245768.13226855,66314275275,73848364220,100675839
2023-08-09,1762054333,137615880.0,147324902.07221565,137101910.05917388,10222992.013041764,66541344627,74085301560,100829972
2023-08-10,1577951335,138653512.0,166505644.65344888,208468999.16576794,-41963354.51231906,66509043373,74045786819,100681482
2023-08-11,1313122649,138962965.0,133935090.82081321,163893555.71788612,-29958464.89707291,66320040085,73836057911,100757934
2023-08-12,1035025980,52971376.0,120974829.85088667,161094595.05687413,-40119765.20598745,66305239426,73812011042,100688165
2023-08-13,1713710946,424839660.0,160725281.55567452,140526164.8759297,20199116.67974481,66432445509,73913251695,100618988
2023-08-14,1615015044,201003503.0,186975611.21429205,151364139.66183984,35611471.55245221,66482391453,73971974808,100611461
2023-08-15,1786447539,165682715.0,193249313.50928786,164427027.5204809,28822285.988806963,66261522088,73787683367,100614061
2023-08-16,2008284024,150510250.0,158237212.2399814,157257018.95327374,980193.2867076695,66216656205,73782493101,100698512
2023-08-17,4328465173,315043584.0,164174719.4309871,139758773.08142486,24415946.349562228,66245064508,73683746833,100406493
2023-08-18,2881241407,314439978.0,206888034.05645892,154321570.73752058,52566463.318938345,66080441485,73532498486,100530576
2023-08-19,1577278673,122820949.0,118354932.45683229,99666684.04739669,18688248.4094356,65720905779,73154082079,100536036
2023-08-20,1326461738,68270749.0,88394194.51979999,101962964.63703896,-13568770.117238969,65962020902,73411547808,100737007
2023-08-21,1748762831,143379211.0,130273932.182108,196810845.37660882,-66536913.19450082,66052686637,73501352234,100781850
2023-08-22,2584021138,371507231.0,123428868.9003988,105036271.38290401,18392597.517494798,67134548222,74594600489,100845935
2023-08-23,2156766503,97794172.0,114961078.3096658,315742318.7637886,-200781240.45412278,67060352771,74521444297,100853046
2023-08-24,1625327015,101307336.0,115831774.80330329,109423710.14226608,6408064.661037207,67175308399,74580938527,100834794
2023-08-25,1757729845,109157418.0,116306520.62273932,113023623.04930848,3282897.573430836,67099246607,74487263303,100882711
2023-08-26,1000246991,48845610.0,108798645.68869677,89051497.09080346,19747148.597893313,67160736560,74555342412,100841035
2023-08-27,1001983250,42942107.0,115411821.1405377,85031077.08709568,30380744.053442016,67242764129,74644125912,100791218
2023-08-28,1590426904,92518770.0,97425978.52695371,110152951.41800977,-12726972.89105606,67326209849,74735690813,100885638
2023-08-29,2714892635,187190192.0,139718603.92017257,156141958.48656976,-16423354.56639719,67388636866,74779002923,100772284
2023-08-30,1545627010,145874991.0,121567350.44892773,125285991.33200926,-3718640.8830815256,67562058492,74956686566,100950851
2023-08-31,2092055504,113142010.0,136458615.56195053,150597348.43407443,-14138732.872123897,67488398583,74882609313,100658083
2023-09-01,1961154710,132175514.0,117333581.4420579,91494016.41120338,25839565.03085451,67449368544,74863479537,100627956
2023-09-02,1071303295,85097762.0,89970515.16885588,67945487.28837027,22025027.88048561,67398177377,74823064441,100675951
2023-09-03,1071388821,41346477.0,93169535.17745495,71346253.575586,21823281.601868942,67386591131,74809735737,100757480
2023-09-04,1298402670,56700755.0,103079104.04802072,196627831.54910368,-93548727.50108296,67428507288,74861528042,100781319
2023-09-05,1430265467,95285245.0,120268538.32363346,101852375.50351918,18416162.820114285,67178409985,74611836212,100740214
2023-09-06,1829010174,177784294.0,122517861.14169332,144906793.91494793,-22388932.773254603,66854176509,74293735425,100765584
2023-09-07,1518339321,110526866.0,135649863.44953194,135683591.3292725,-33727.879740566015,66645848084,74071985560,100769239
2023-09-08,1425140228,69564482.0,129097358.824995,99068433.91965741,30028924.905337587,66452223798,73890486790,100823134
2023-09-09,904680071,32475412.0,122449157.85535268,134896375.3834468,-12447217.528094128,66491270640,73948192873,100705246
2023-09-10,1410174837,43721806.0,138722671.36947122,105459015.7980753,33263655.57139592,66542447166,74012076237,100815158
2023-09-11,2366711446,139786113.0,118845871.03247477,119715675.37080806,-869804.3383332938,66655053123,74134964282,100965760
2023-09-12,2222233212,187085983.0,157761964.2324079,134644749.5530779,23117214.67932999,66543716220,73993968284,100709849
2023-09-13,1720852612,116196965.0,105286638.10757324,151524126.5563867,-46237488.44881347,66554337893,74037180782,100983144
2023-09-14,1805129472,67969975.0,121287811.87272128,118343618.05357657,2944193.819144711,66577443417,74052551971,100993290
2023-09-15,1609625264,111605562.0,137562880.11717615,134668859.18966076,2894020.9275153875,66485249061,73962109424,100920281
2023-09-16,1102524587,57311302.0,127798472.60195419,96680447.396286,31118025.205668196,66618680308,73891892228,100930836
2023-09-17,966641417,44928175.0,129997082.82853727,106953772.19190527,23043310.636631995,66700234163,73985017319,100977804
2023-09-18,1835310737,86330605.0,108335043.70146202,92566597.01624036,15768446.685221657,66707441871,74015615070,101137576
2023-09-19,1609073724,113435625.0,156366502.02380183,127109131.43989906,29257370.583902776,66536221858,73851505572,100929065
2023-09-20,1562579192,82593144.0,126117460.91293421,144207581.43939227,-18090120.526458055,66522202448,73838805073,101123003
2023-09-21,1583984281,90978260.0,129771613.98833808,96673987.36826952,33097626.620068565,66395598528,73713510784,101059169
2023-09-22,1232517451,87946756.0,132776651.08151945,110295877.27510868,22480773.806410775,66141972109,73447102995,100867232
2023-09-23,991513781,56990843.0,99984394.73024063,74364649.0597592,25619745.67048143,66154989889,73490571451,100930623
2023-09-24,959840696,78839610.0,95756114.05838108,78751823.78486024,17004290.273520842,66165858560,73503238733,100554332
2023-09-25,1544258006,113023026.0,119733757.8967366,115843635.77735518,3890122.1193814278,66205360867,73542510209,100806869
2023-09-26,1361645767,96981196.0,111845468.92089231,192807045.06099856,-80961576.14010625,65993328910,73333918263,100672690
2023-09-27,1809980885,103676523.0,126051728.46299429,91804909.52469757,34246818.93829672,65918059542,73238885803,100649482
2023-09-28,2191663943,154156484.0,119940253.55792786,127171555.127384,-7231301.569456145,65823785136,73153741683,100512114
2023-09-29,1915071654,61715135.0,110020382.85274282,83137009.3099926,26883373.542750224,66004190841,73315002214,100599516
2023-09-30,1497794246,61970648.0,98306795.11468062,81035937.51992823,17270857.594752386,65651207569,72958185238,100604947
2023-10-01,1970158646,48983098.0,100285237.78687996,73459521.70814164,26825716.078738317,65726126546,73036843176,100667078
2023-10-02,2826000784,101831562.0,107018608.59460634,88786243.46120277,18232365.13340357,65749958938,73077390445,100732541
2023-10-03,2008619080,61492373.0,103964238.08435671,81176048.5493746,22788189.534982115,65793307563,73128424296,100595267
2023-10-04,1831391018,51067782.0,129299017.52257285,78921000.78786401,50378016.73470883,65632934602,72964557903,100579244
2023-10-05,1769309679,66321429.0,120605651.97706568,156465175.84119448,-35859523.8641288,65453783478,72839923195,55633081
2023-10-06,1651463494,85971028.0,121489095.6798382,188708742.01628092,-67219646.33644272,65564803545,72947429913,55668551
2023-10-07,1083849978,39147200.0,108682684.93278503,101898666.01544501,6784018.917340025,65699226986,73103367582,55898895
2023-10-08,1363331683,134437187.0,96891966.18830739,108881876.68531767,-11989910.497010276,65700619130,73105711721,55770520
2023-10-09,1762036051,104340207.0,139702418.48388028,110708687.03539914,28993731.448481143,65728986316,73133510419,55734753
2023-10-10,1502452261,137828609.0,147817176.98157164,108682713.89375767,39134463.08781397,65761522829,73176853307,55638704
2023-10-11,1964759230,441300284.0,118884619.75341564,138380953.9261844,-19496334.17276874,65439136215,72861326667,55579639
2023-10-12,1691454024,114118710.0,148385676.77986142,171759576.93814963,-23373900.15828821,65301199905,72726047756,55549749
2023-10-13,1506686052,137007967.0,105444265.8389378,93195704.04564148,12248561.793296322,65150947625,72567140325,56444694
2023-10-14,891196058,41402200.0,83793657.66630526,70459786.60046375,13333871.06584151,65103197615,72528625418,56439014
2023-10-15,1109666969,54611978.0,80826143.33293416,64339878.096521236,16486265.23641292,65149019102,72575514257,56528974
2023-10-16,2816122325,221623221.0,105102799.27832633,84759406.91375138,20343392.364574954,65222913225,72653024472,56462458
2023-10-17,1583577989,79984280.0,120308418.82612602,123969496.76946592,-3661077.943339899,65212451607,72640791277,56490123
2023-10-18,1575478720,45542348.0,108907337.85046066,124344809.26432686,-15437471.413866192,65242589530,72657160475,56505972
2023-10-19,1530171933,80156568.0,111292446.54102436,119654243.72494927,-8361797.183924913,65254831896,72664261921,56512002
2023-10-20,2067172539,148556719.0,115846020.9630141,170852332.5118051,-55006311.54879099,65351630115,72739242195,56368132
2023-10-21,1563694475,59152164.0,81626307.65226373,123735288.15250464,-42108980.50024091,65515456562,72884679655,56265566
2023-10-22,1709815752,65617052.0,91769578.54848658,112114530.75446162,-20344952.20597504,65592230406,72890125752,56219064
2023-10-23,3754107794,193498275.0,125321412.93717073,114510578.92423223,10810834.0129385,65646159277,72931214769,56027983
2023-10-24,4488584876,309023372.0,170042988.89769796,102663864.9230911,67379123.97460686,65745685711,73085390059,56303123
2023-10-25,2846174906,145740065.0,102294724.26843883,111926084.51750301,-9631360.249064177,65189952584,72541424129,56118128
2023-10-26,3002522212,151417490.0,139660372.2948473,109995830.37026304,29664541.92458427,65361059574,72727651259,56203946
2023-10-27,2339060386,107316289.0,116683425.30470298,87255322.26262113,29428103.042081848,65307638637,72677892034,56200600
2023-10-28,1326865779,81745262.0,106319720.36484767,76934478.57309926,29385241.79174842,65128784506,72494146371,56167792
2023-10-29,1502342513,55871607.0,82711856.10476714,66562570.29571997,16149285.809047177,65111228064,72506119224,56175688
2023-10-30,2261334936,119094123.0,103306469.89665946,107880345.13107325,-4573875.234413788,65178597322,72576236551,56206802
2023-10-31,2383318230,105413347.0,125468348.24991296,108588880.89930516,16879467.350607798,64953630220,72335827792,56228315
2023-11-01,3284279210,118460713.0,113325002.1655068,124821166.44506212,-11496164.27955532,64709180886,72099934763,56068273
2023-11-02,3380380880,222439728.0,136340675.8667376,144524029.65126932,-8183353.7845317125,64864059177,72252491829,56225658
2023-11-03,2804980469,147429554.0,134640094.48318163,111058779.973674,23581314.509507626,64673325331,72027096031,56005166
2023-11-04,1767540968,61698296.0,109443001.52264869,118029156.39935037,-8586154.876701683,64796826046,72190635598,56196754
2023-11-05,2668492659,138635218.0,125005852.858929,100479568.77634968,24526284.082579315,64968040059,72359155676,56192605
2023-11-06,2797500150,130582895.0,124091263.82495645,129436818.96915442,-5345555.144197971,64986168194,72402558220,56182682
2023-11-07,3022572278,300505249.0,108595956.23989373,122246492.03983887,-13650535.799945131,64881480271,72306185388,56160365
2023-11-08,2295490585,114724041.0,134998901.26769313,126760373.62970784,8238527.637985289,64896426048,72309631842,56048972
2023-11-09,5468238206,183366348.0,182439859.4911567,145267460.53454438,37172398.95661232,64814909677,72207990221,56085468
2023-11-10,4177079536,226718469.0,138127901.4589098,131477340.360804,6650561.098105803,64772380252,72187722413,56054013
2023-11-11,3793204970,135815284.0,128393487.45926733,101587291.03310359,26806196.426163748,64967426117,72364451809,56102288
2023-11-12,3270583173,110064479.0,101524102.43190165,79132834.95044048,22391267.481461167,64982237559,72375322682,56089103
2023-11-13,4439708932,162516639.0,128929809.3336948,100390092.56805342,28539716.765641376,64931513498,72378265790,9787140
2023-11-14,4373344992,149065024.0,150257848.73595333,130987541.27980691,19270307.45614642,64847975240,72300825122,9804247
2023-11-15,4195746714,197810832.0,172351910.39518225,175577300.04804683,-3225389.6528645754,64559898865,72026753188,9807063
2023-11-16,4676568973,165015437.0,137704416.54639015,117538725.55310176,20165690.993288383,64828730190,72281084037,9840846
2023-11-17,3967453674,120992419.0,167145808.29177096,102963485.84622476,64182322.44554621,65041968962,72514772672,9782005
2023-11-18,2543424347,121961126.0,138614059.5098759,101462808.450596,37151251.05927989,65253790548,72685853499,9849190
2023-11-19,2413895970,77785702.0,159313598.0632538,98916461.58431874,60397136.47893505,65315813623,72759748613,9826831
2023-11-20,3548233581,110262821.0,193622749.43762714,119406215.86937766,74216533.56824948,65322586038,72791900969,9796430
2023-11-21,4595142466,150801396.0,153672312.30596372,151842182.51574513,1830129.7902185917,65517561541,73009523716,9867197
2023-11-22,4025572379,175457698.0,170745791.23872262,165021482.73114634,5724308.507576287,65565281676,72987662894,9821770
2023-11-23,2551724046,101879685.0,125766608.90355146,127374870.42539886,-1608261.521847397,65563090334,73000934752,9788680
2023-11-24,2923186896,165159358.0,113337117.53991422,130407370.80553947,-17070253.265625253,65677243031,73131315549,6721905
2023-11-25,1888903654,91817471.0,110773221.05188777,81242943.07069853,29530277.981189236,66063714460,73539882391,6667723
2023-11-26,2328628211,82586955.0,106721794.92544895,79401337.72447623,27320457.20097272,66046374681,73524486790,6724384
2023-11-27,2877314778,114669531.0,156636577.94950408,128809023.05558719,27827554.89391689,65995339015,73481414057,6704085
2023-11-28,2941641107,125643982.0,132062922.84488204,146943739.04615238,-14880816.201270342,65831350236,73303275527,6675288
2023-11-29,2767937795,172798590.0,97819765.13369715,128489725.78051713,-30669960.64681998,66004835706,73495793422,6679103
2023-11-30,2703637063,403224896.0,118287236.12894922,108142307.97203793,10144928.156911299,66019122132,73525466383,6708670
2023-12-01,2549038466,96889578.0,83736249.57734135,110540396.0253944,-26804146.448053047,66086262925,73605900783,6568109
2023-12-02,2600797862,70891441.0,105968355.31805044,87992033.92463212,17976321.393418327,66156276202,73658576779,6565427
2023-12-03,2332050973,84150712.0,96096624.22593589,80649869.85053697,15446754.375398919,66143545230,73661259770,6540552
2023-12-04,4287438669,154377576.0,146007499.44032001,135946583.81508836,10060915.625231653,66318434870,73841815202,6502902
2023-12-05,4292065995,329618691.0,109915659.32828,143928007.7414677,-34012348.41318771,66190567414,73707937593,6491032
2023-12-06,4479587852,156214122.0,154447059.9378321,113407692.42260043,41039367.515231654,66355572305,73867403484,6503156
2023-12-07,4547205828,174825048.0,160331655.70445704,109632709.34727013,50698946.35718691,66357230798,73883496973,6561912
2023-12-08,4123325500,129396812.0,158160325.18047827,171315068.0789025,-13154742.898424238,66405824456,73930668903,6553856
2023-12-09,4296585370,88238770.0,154537788.03206363,102306648.10936931,52231139.922694325,66543202430,74063708121,6531103
2023-12-10,3034523973,108057946.0,132395480.44825508,130183952.15919474,2211528.2890603393,66636323924,74102142907,6487161
2023-12-11,6130441328,330010764.0,166279441.33192605,198649675.1266072,-32370233.79468116,66497132169,74039568230,6433032
2023-12-12,4703721674,255749790.0,177647122.1329436,148759076.9055,28888045.227443606,66105467863,73650884018,6412779
2023-12-13,4584382858,296787516.0,122740412.07960975,99775133.42452945,22965278.655080304,65578725352,73137090825,6427027
2023-12-14,4375245892,276328944.0,153162345.34068245,95139462.71616392,58022882.62451853,65922618345,73475131295,6427044
2023-12-15,4546028598,149626757.0,116444315.87496154,148262090.89726186,-31817775.022300318,66056013032,73635669812,6465997
2023-12-16,3796754562,115109741.0,109478120.71748555,76397829.59504713,33080291.122438416,66261688527,73827785402,6430957
2023-12-17,3255106649,135670779.0,153616980.81500816,72973985.91221938,80642994.90278879,66354067123,73931239588,6444998
2023-12-18,4393685421,227350530.0,212902213.37461442,125667730.00080821,87234483.37380621,66353226686,73942398021,6395075
2023-12-19,4024236778,193089096.0,161527423.73400912,147219825.30904508,14307598.42496404,66389441445,73970515176,6401332
2023-12-20,4999468176,314676693.0,141087408.62306166,153910149.66874912,-12822741.045687467,66625860724,74124826269,6381569
2023-12-21,5130379323,150657116.0,194574391.63235044,139387707.61716905,55186684.01518139,66764368434,74261841830,6299125
2023-12-22,6926093313,191805746.0,172619081.82517707,144072186.41324878,28546895.411928296,66642519724,74165560843,6278717
2023-12-23,4236475255,126652863.0,169178415.3529617,129490417.1411322,39687998.21182948,66885079602,74420322737,6370191
2023-12-24,4952343891,105095541.0,173517496.75969836,146332071.47512588,27185425.284572482,67080916396,74624810871,6294856
2023-12-25,4344711121,116217978.0,160325762.63062352,162325003.8682599,-1999241.2376363873,67022391626,74569529312,6335004
2023-12-26,5478567693,174703009.0,198028045.17542693,176038415.6323073,21989629.54311964,67161913827,74614687016,6328648
2023-12-27,5812610483,226718345.0,219009256.02656847,167054474.24369323,51954781.78287524,67132103336,74348690310,6314014
2023-12-28,6359437052,244074967.0,209041904.21752343,198257712.26237768,10784191.955145746,67473568415,74716719631,6331334
2023-12-29,5275486099,188067436.0,208938441.7544637,168191296.68438727,40747145.070076436,67417204083,74640854323,6364519
2023-12-30,3215764080,120721366.0,163009329.61511993,127541157.45912577,35468172.15599416,67432541253,74683228349,6308557
2023-12-31,3253504735,130862871.0,172370154.55691433,110499035.7911725,61871118.765741825,67382357760,74615082350,6278355
2024-01-01,2640397474,154702494.0,102115297.96114913,124437946.0463465,-22322648.085197374,67178355709,74430469641,6262518
2024-01-02,4937179224,205527735.0,167615143.58118686,166681926.98087147,933216.600315392,67490222168,74760904930,6300950
2024-01-03,7513033023,291252305.0,167986376.2648052,151806960.83187026,16179415.43293494,67745148649,74970553123,6315432
2024-01-04,5483876386,231925593.0,163056465.81036478,135677416.17003736,27379049.640327424,67908960143,75150535177,6305863
2024-01-05,5126265746,250743397.0,155186725.77856752,159579998.552788,-4393272.774220467,68358396913,75628619535,6371219
2024-01-06,3083671537,95545252.0,165234118.48138553,112243498.4875102,52990619.993875325,68715455276,75989276224,6385562
2024-01-07,3118160062,108535552.0,107872035.22864857,118196187.92555466,-10324152.69690609,68878889582,76125507717,6388979
2024-01-08,5657530789,227250805.0,200577865.41060424,128537908.82137331,72039956.58923092,68987901514,76265404769,6489365
2024-01-09,6455918319,215108911.0,176393712.0547485,188265807.3383003,-11872095.283551782,69087431303,76366626874,6439180
2024-01-10,7796918982,240700077.0,218276565.43570453,216552104.95466688,1724460.4810376465,69064572727,76310469843,6485239
2024-01-11,6790051377,343491672.0,227080614.7661169,166951872.38356686,60128742.38255003,69301101970,76630186380,6522673
2024-01-12,6969932755,333857145.0,204599606.721731,113300069.39332259,91299537.32840842,69418624263,76736350289,6518410
2024-01-13,3726251398,201487955.0,159477161.34565032,183910296.9020061,-24433135.556355774,69403075368,76148343653,6509341
2024-01-14,3357996378,104047674.0,127337830.07945292,106284915.34002331,21052914.739429608,69495778643,76767304158,6477216
2024-01-15,3591457642,235244656.0,210074622.4195781,111277795.79137556,98796826.62820254,69557178253,76850499071,6433006
2024-01-16,3523612418,211582725.0,172203015.18117923,167034896.72153682,5168118.45964241,69384210334,76722898704,6430030
2024-01-17,3724999232,281022391.0,130468015.61647323,143887293.31820124,-13419277.701728016,69447015526,76717404766,6324720
2024-01-18,4133310325,251796323.0,172474493.47219074,165725712.66808847,6748780.804102272,69689289227,76758589589,6382935
2024-01-19,4271614226,172691192.0,176915339.28153443,165479114.49376333,11436224.787771106,69155161620,76138134609,6268432
2024-01-20,2455043472,200858507.0,152908069.70014533,141622228.1945768,11285841.505568534,69456704066,76387184698,6277967
2024-01-21,2429373860,102887676.0,171317818.59556264,126545147.35511449,44772671.24044815,69567170907,76502686097,6306096
2024-01-22,4589829254,263297908.0,204852331.9219666,159396535.87449265,45455796.04747397,69131703001,76217975928,6274707
2024-01-23,5162522342,341791625.0,208535056.29147997,150452775.62797016,58082280.663509816,69171438286,76297685067,6265915
2024-01-24,3252474159,181503127.0,195133234.08188415,210996227.14777812,-15862993.065893978,69207958019,76330190714,6156751
2024-01-25,3307458686,161416808.0,166381807.3912869,138762078.1676615,27619729.22362542,69217393286,76277804462,6122922
2024-01-26,3463974989,208240389.0,252405648.28131485,243784306.25271356,8621342.028601289,69377123644,76452518732,6178708
2024-01-27,2187863605,63453335.0,198492480.90899593,146255664.37282297,52236816.536172956,69560886268,76643649679,6174534
2024-01-28,2607458539,66112824.0,162815300.62458363,120979035.47252493,41836265.152058706,69586409385,76678006155,6106014
2024-01-29,3423535980,197414634.0,193935565.01102528,180491770.8267957,13443794.184229583,69614574124,76713379765,6058665
2024-01-30,3683800013,218041462.0,177853605.02489817,166944584.9929153,10909020.031982869,69773786608,76869108549,6067299
2024-01-31,4559262221,215387621.0,190433529.7953777,218275431.10195184,-27841901.306574136,69605141679,76705852504,6082473
2024-02-01,3558676792,163393540.0,285406465.1033994,256340517.73032725,29065947.373072147,69568365193,76681883704,6206698
2024-02-02,3233844790,139423090.0,347971450.2406437,301819999.4651735,46151450.7754702,69603195427,76757402080,6100892
2024-02-03,2304598426,170680994.0,587824563.5079163,534338243.67908335,53486319.828832984,69604734260,76769852698,6129331
2024-02-04,2204854658,57098942.0,532688180.45520705,517222033.820929,15466146.634278059,69561468048,76726835285,6060159
2024-02-05,2876971996,171428628.0,610968031.2502372,482004367.6765705,128963663.57366675,69599143719,76779323871,6054240
2024-02-06,2879009767,127519206.0,199632012.26600888,148816162.8174273,50815849.44858158,69540444884,76725279670,6003458
2024-02-07,3314957771,154442626.0,308711642.7532959,283038833.4601315,25672809.293164372,69859257379,77054406872,6175886
2024-02-08,3478699984,132415451.0,207801513.7734752,193717385.43808487,14084128.33539033,69984950538,77210646645,6040378
2024-02-09,4018891908,145747597.0,246713788.6491527,186751676.66943774,59962111.97971496,70254336557,77482776342,6130842
2024-02-10,2648889021,82167273.0,220315971.04112932,164235585.5419444,56080385.49918491,70490737953,77738702073,6236783
2024-02-11,3030475697,230624825.0,173952062.8562398,147576472.01239476,26375590.84384504,70589156498,77845915311,6261532
2024-02-12,3939562291,141097966.0,217646238.9939455,149338639.0087409,68307599.9852046,70675389257,77965719990,6279350
2024-02-13,3838392746,141724826.0,251714059.68748644,201585411.8754734,50128647.81201303,70415242920,77709358386,6319547
2024-02-14,3921256318,225974093.0,219704248.06403798,192737606.4333663,26966641.63067168,70381697962,77669400123,6175787
2024-02-15,4460214633,154832341.0,260849248.28454834,213857813.87048337,46991434.41406497,70739821548,78368707890,6055471
2024-02-16,3870805089,284258361.0,264932278.83929,217401769.39923155,47530509.44005844,70642826989,78222896557,6055428
2024-02-17,2799125085,33531230.0,232678222.73749,190806961.24055788,41871261.49693212,70839346521,78423027882,6024885
2024-02-18,3026498417,45914043.0,256759156.57877767,264405016.83939105,-7645860.260613382,70950504910,78577880500,6067978
2024-02-19,4038106387,239660606.0,307475765.152329,263543397.37000084,43932367.78232819,70868206204,78502310485,6123098
2024-02-20,5119617470,293927044.0,367665218.13988024,306890695.6040687,60774522.53581154,70948324770,78598710846,6183509
2024-02-21,4621073024,215717138.0,378030999.003914,293356196.70977217,84674802.29414183,71002562830,78652918165,6037855
2024-02-22,4545000909,357070355.0,302183196.79089725,209546642.4220105,92636554.36888674,71107557936,78761171525,6527897
2024-02-23,4023668354,204510609.0,289817635.44681627,261841820.03664005,27975815.410176218,71469738212,79127826139,6122064
2024-02-24,3306583426,123247777.0,296093146.5503795,276558796.7005949,19534349.849784613,72005754526,79653414208,6168287
2024-02-25,3667723022,96545155.0,376524916.26981455,288273785.27297103,88251130.99684352,71800202743,79463146391,6108775
2024-02-26,5340153154,240476507.0,345836218.4079176,353506677.4585003,-7670459.050582707,71859356270,79536659346,6098071
2024-02-27,6510788306,422577772.0,414218235.6765448,274781840.6126556,139436395.0638892,72100056675,79771467450,6159675
2024-02-28,9419269440,360775094.0,401817828.11569154,310367539.27573,91450288.83996153,72301100216,80005527624,6087200
2024-02-29,8705097244,412301011.0,302158995.7488133,347086237.6167838,-44927241.867970526,72675425872,80402878804,6165932
2024-03-01,6486577280,231278309.0,387050047.6866371,391553610.5094907,-4503562.822853625,73137984174,80869283605,6210202
2024-03-02,5839502693,377181900.0,460244667.6084496,386966548.6361027,73278118.9723469,73395800035,81138613416,6098348
2024-03-03,6489683741,214431767.0,386461354.0064956,347965194.3976181,38496159.60887748,73384498534,81153723428,6118899
2024-03-04,8486222119,269773026.0,405725683.458585,376643684.84369755,29081998.614887476,73732377545,81522718696,6122520
2024-03-05,13770890744,585509697.0,457840850.9106969,388848136.75466436,68992714.15603256,73873231294,81648652280,6091363
2024-03-06,12288008709,390037597.0,515386607.62781525,463690256.70170647,51696350.92610878,73755274322,81557932267,6041897
2024-03-07,10360967049,268910365.0,371242437.4491418,384469329.2880592,-13226891.838917375,74060177513,81883380566,6094882
2024-03-08,8339879427,304100146.0,395835028.09218955,337270573.5930078,58564454.49918175,74162979064,82140339075,6081796
2024-03-09,5387296867,150599507.0,340753376.11864966,278616716.16247815,62136659.95617151,75026770553,83051292052,6163267
2024-03-10,6991256627,255168723.0,443101103.84697425,446447290.99947935,-3346187.1525051,75685410944,83713958588,6143380
2024-03-11,8832685671,423273564.0,442448985.74759954,349767937.3922687,92681048.35533082,75994395112,83982825576,6108273
2024-03-12,8854646580,461543159.0,397174644.667791,347585003.9950698,49589640.67272121,76433394255,84480404117,6148697
2024-03-13,8265782736,436298442.0,354493837.3250545,337433412.8708616,17060424.454192936,76448304875,84543994380,6175881
2024-03-14,10033939990,588341983.0,357403286.9573839,327323721.9595215,30079564.9978624,76820736590,84914639492,6299952
2024-03-15,13341911681,770995090.0,271249073.6659048,293983056.8673599,-22733983.201455057,76946730593,85081549439,6711588
2024-03-16,10654393885,295237121.0,233881455.23265788,232681984.83679548,1199470.3958624005,76862780383,84993108926,6274146
2024-03-17,9270815882,284852967.0,254527278.8643845,267672336.40172032,-13145057.537335813,77070509994,85210590958,6268414
2024-03-18,9385390819,340346120.0,321952884.8756079,388989398.2977469,-67036513.42213899,76819199502,84962267367,6239109
2024-03-19,12043787396,583041396.0,458067275.49390495,410367004.4827704,47700271.011134565,77138261286,85307368386,6215869
2024-03-20,8577593958,374561212.0,442761784.7022142,398879684.98813826,43882099.71407592,77131662177,85421187702,6303891
2024-03-21,6646395848,343583673.0,421508734.7446799,446853708.6094545,-25344973.864774585,76782940787,85060417717,6243755
2024-03-22,7751765416,388750160.0,446867003.009478,415563219.72021323,31303783.28926474,77351314787,85681106522,6164977
2024-03-23,4601223154,191698734.0,380867084.4359259,346758520.08257085,34108564.35335505,77450869256,85798661533,6230883
2024-03-24,5094940029,432342791.0,493795422.9175764,484090554.78556615,9704868.132010221,77674007153,86045454044,6335710
2024-03-25,7826752332,269650227.0,607863653.9970664,513631412.56781876,94232241.42924762,77613693541,85966913074,6320037
2024-03-26,7676758823,323140831.0,641071112.2687825,635491631.8147924,5579480.453990102,77671466205,86054478102,6377471
2024-03-27,7862284408,503618578.0,639921252.4111205,545682007.5810955,94239244.83002508,77683457639,86100092481,6372077
2024-03-28,6896152776,416611402.0,689012555.1060064,633582456.2651765,55430098.84082985,77389882619,85842790425,6375483
2024-03-29,6716005106,476143943.0,512314435.6168396,431962744.3490867,80351691.26775289,77479585964,85985652449,6324270
2024-03-30,5160393721,189486854.0,478432328.0435857,450151582.5308626,28280745.51272309,77811938958,86296258206,6299515
2024-03-31,4758828705,177756048.0,532218108.96119606,389126912.7244324,143091196.23676366,77931706424,86443338379,6353247
2024-04-01,6673421207,311702897.0,454432287.082996,386682409.84663725,67749877.23635876,77810018748,86309530074,6368374
2024-04-02,9222924005,974560029.0,411574522.1516279,361140445.32721823,50434076.82440966,77640629042,86340184058,6376754
2024-04-03,7185342362,404282693.0,363387980.1426947,367320115.40905696,-3932135.26636225,77679523864,86378910002,6304382
2024-04-04,6737023321,403817448.0,417828092.5938171,364824519.72254354,53003572.87127358,78244990452,86962752629,6267568
2024-04-05,6134276391,273750842.0,391816239.9321471,378413130.04095733,13403109.891189754,78757335876,87480577979,6286618
2024-04-06,4169468651,177171066.0,338132558.2520019,314098608.59241825,24033949.65958363,79499044838,88269333847,6271504
2024-04-07,4758950895,284374324.0,366984124.93608063,320818162.71281356,46165962.22326708,79537523632,88307492194,6252667
2024-04-08,7635884808,537427892.0,433464797.2254664,398237749.894383,35227047.33108336,79567811140,88347235331,6275557
2024-04-09,6627392880,462220178.0,449381417.50161546,413230490.87079746,36150926.63081801,79056363388,87841129529,6314181
2024-04-10,6494152202,162525424.0,413750768.7288734,402521724.3761959,11229044.352677464,78732883546,87542710947,6334421
2024-04-11,6224511375,356608823.0,382650625.7356315,386032819.3190816,-3382193.583450079,78593487422,87405955656,6278290
2024-04-12,8878678814,462550530.0,476426643.16370326,387959432.16983396,88467210.9938693,78790625407,87608807957,6275254
2024-04-13,9819501142,229858268.0,393625300.5893749,341893430.73073024,51731869.858644664,78957196079,87811487994,6229099
2024-04-14,8026926111,83154065.0,386485860.7404134,339323358.4746871,47162502.26572633,79246516519,88091009052,6200642
2024-04-15,6691081758,33335220.0,410280597.892266,356201072.417642,54079525.47462398,79328167405,88188246422,6200195
2024-04-16,6410504709,168830185.0,387309906.7247855,310361032.92526436,76948873.79952115,79564512077,88439319415,6138978
2024-04-17,6028127680,424796419.0,308109199.2210723,280430603.7288091,27678595.492263198,79972587293,88859859407,6157549
2024-04-18,5745116407,495679965.0,331293063.19314283,290828673.96259874,40464389.23054409,80574043167,88602133047,6112633
2024-04-19,6857433563,533546268.0,304873412.30392593,274196157.0685248,30677255.235401154,80990147622,89101915291,6163064
2024-04-20,4232071719,165592625.0,273153447.2881045,229285327.38509452,43868119.90300995,81932478465,89972118549,6179761
2024-04-21,4510563277,229865458.0,258962957.4876359,262057614.07831985,-3094656.590683937,81522041566,89973863736,6229646
2024-04-22,5608911249,325191328.0,296093791.6096932,272632843.91494477,23460947.69474846,81484467852,89967921441,6161953
2024-04-23,5002932295,308862838.0,271773672.0540842,290852231.9735803,-19078559.91949612,81864028917,90518404342,6141941
2024-04-24,6618599106,424949912.0,348726896.8079973,270497565.9718917,78229330.83610559,81257667454,90449966589,6125265
2024-04-25,5516664469,325819682.0,335037769.514978,315047130.67839634,19990638.836581647,81740088507,90985763190,6091175
2024-04-26,4966065450,484823961.0,341727509.450935,277439101.6161166,64288407.83481842,81787863001,91034741624,6112657
2024-04-27,4677460652,300374013.0,272287007.25819,234868995.56595695,37418011.692233026,81659702554,90905725387,6084824
2024-04-28,4198255230,183111376.0,280137698.13936573,290372731.6596267,-10235033.52026099,81793925377,91049742030,6103460
2024-04-29,5036093576,312657409.0,286940233.31969756,271807653.3954972,15132579.924200356,81732968949,90992122381,6101947
2024-04-30,6207657857,451454045.0,361254871.7029714,340318303.570832,20936568.132139385,81426566265,90686691710,6083664
2024-05-01,6691137126,483019040.0,308034916.8621386,330916141.87229764,-22881225.010159016,81039923201,90312639046,6035656
2024-05-02,5164786059,162525424.0,325481751.4844077,288335325.032066,37146426.452341735,80660905037,89923927001,6108764
2024-05-03,5079908718,209648614.0,231875335.32228264,229105585.53599793,2769749.786284715,80515907689,89840514987,6118492
2024-05-04,3922882968,255344769.0,202054539.99010253,164523114.7060817,37531425.28402084,80884549074,90244944210,6139290
2024-05-05,3439695601,90881583.0,194458560.3801294,172801452.2432803,21657108.136849105,80911459160,90280993164,6127004
2024-05-06,4761176631,162525424.0,259636062.24814287,373229161.776388,-113593099.52824512,80942594642,90309585852,6123814
2024-05-07,4622390801,213959546.0,241719110.33313859,262176135.3163261,-20457024.983187526,80680530084,90034387192,6114158
2024-05-08,5065507849,185814290.0,222922612.30396056,250583160.81317765,-27660548.509217083,80539093922,89857717273,6095571
2024-05-09,4383058544,201476692.0,238292929.70829433,266987389.9620186,-28694460.253724277,80422751372,89749850447,6132505
2024-05-10,4360358115,235784540.0,280511751.08772975,211569667.510553,68942083.57717675,80362855332,89701138373,6253888
2024-05-11,2756017385,162525424.0,164296665.54033402,153382475.16945845,10914190.370875567,80241225978,89587291782,6338754
2024-05-12,2622742556,146674770.0,165766465.24337557,160777111.3987372,4989353.844638377,80325631213,89670476860,6398035
2024-05-13,4280788127,220717535.0,237894093.69045722,194096835.9241729,43797257.76628432,80288949344,89627124217,6399140
2024-05-14,4423229452,225674610.0,254936758.11033925,275014904.92293596,-20078146.81259671,80219589317,89580301393,6396093
2024-05-15,5523286042,392822746.0,354183247.562429,330707559.6917709,23475687.8706581,80017077968,89370710862,6409989
2024-05-16,4831313107,247320340.0,304903634.9121399,218248955.96114492,86654678.95099497,80365489470,89735731407,6488633
2024-05-17,5281461876,445501198.0,254320495.95545968,223758598.58500883,30561897.370450854,80523336827,89934897168,6351252
2024-05-18,3815765177,201010453.0,211958305.0548972,183050035.87207428,28908269.182822913,80795488611,90213749894,6368984
2024-05-19,3462325839,162525424.0,221193630.92457455,168518679.4156081,52674951.508966446,81053757556,90469350499,6374508
2024-05-20,7592846162,603774051.0,351809343.096436,315330859.13564134,36478483.96079469,81024192921,90443410425,6342942
2024-05-21,8729547886,286848890.0,418582293.8829455,439285031.9999875,-20702738.117042005,80752195777,90187526339,6390583
2024-05-22,7014833264,392840410.0,381343132.352011,319521656.2129608,61821476.139050245,80453519910,89885758793,6382916
2024-05-23,10528087068,502003597.0,426220587.68149674,346951755.5956861,79268832.08581066,80435645831,89899586748,6363898
2024-05-24,6731651684,289900276.0,319709086.9097859,314185070.6744976,5524016.235288322,80008486954,89497588451,6413075
2024-05-25,3928769244,210888828.0,219552180.54891196,206425336.80867058,13126843.740241379,80281373393,89783581267,6385215
2024-05-26,4784539936,209664462.0,253825345.44572756,257662644.62278646,-3837299.1770589054,80215129160,89697036526,6365804
2024-05-27,5815199548,328812281.0,339564563.2858028,333799034.2024207,5765529.08338207,79892172310,89341405009,6366692
2024-05-28,5587704251,278127741.0,306161602.3050483,297850866.5124476,8310735.792600691,79823845818,89291464173,6357851
2024-05-29,16455692038,250827567.0,315003513.80931395,255855336.9847446,59148176.824569345,79542600370,88980980135,6339637
2024-05-30,8088507103,279613618.0,340103743.7488653,314534914.6742448,25568829.074620485,79346895912,88799069995,6358678
2024-05-31,5103561406,278486902.0,268691173.1451535,268184401.93114272,506771.2140108049,79759215727,89223081842,6354028
2024-06-01,15958577887,160635601.0,267029010.08316058,232456507.8365972,34572502.246563375,79850937988,89325220299,6308779
2024-06-02,31478910488,196678367.0,253452249.18093288,241847427.31088847,11604821.87004441,79783204213,89276916730,6302573
2024-06-03,26065936694,290675571.0,274823041.96121675,284605885.6160085,-9782843.654791772,79602716792,89094533893,6210808
2024-06-04,22781124732,285464691.0,260638995.367647,260053921.9036201,585073.4640268981,79445277044,88944297343,6205094
2024-06-05,19724372163,245465867.0,258089684.3180676,260299180.9244545,-2209496.6063869,79667112987,89163584042,6195739
2024-06-06,21376242978,277965709.0,304423487.8693909,428396524.67026055,-123973036.80086964,79758335233,89240122098,6184311
2024-06-07,7745788996,238265906.0,237852343.01513588,220881920.43024746,16970422.58488843,79828889847,89365084996,6191212
2024-06-08,5191507834,219607270.0,207994533.42816195,176969579.00656313,31024954.421598822,80183571985,89723472083,6173655
2024-06-09,3961780373,203531577.0,156274118.75982422,155298112.35889056,976006.4009336531,80119688641,89672187470,6196911
2024-06-10,5055053602,,227322852.30350775,192996976.27630794,34325876.027199805,80080698752,89627640334,6145052
2024-06-11,7246357232,335407795.0,352179793.88716865,289986323.7095843,62193470.17758435,79667567640,89227372712,6110189
2024-06-12,7038418066,379083433.0,274088714.7566802,233985988.87270942,40102725.88397077,79471299603,89047473033,6133250
2024-06-13,6213896352,382513468.0,294640816.4163178,259184148.42219457,35456667.99412325,79665727342,89232738540,6143146
2024-06-14,5883793316,278657301.0,313211957.91016716,240047441.82531998,73164516.08484718,79599960798,89196266392,6081059
2024-06-15,3769679189,99824242.0,210964857.50026992,186966575.25968656,23998282.24058336,79449134497,88886697052,6098480
2024-06-16,3742607452,162525424.0,186099399.71960407,175554532.32514825,10544867.39445582,79235274879,88844532730,6100465
2024-06-17,6208285102,243664196.0,314999161.87820524,268394675.006622,46604486.87158325,79277161179,88890599086,6080370
2024-06-18,7680389834,237875215.0,297229343.84562933,288606507.8044987,8622836.041130662,79139814948,88753461110,6071053
2024-06-19,5345305288,185690251.0,283413698.5487425,271583008.565752,11830689.982990444,79529955482,89121177910,6068457
2024-06-20,5409785045,207284998.0,255535742.36328053,244651737.61809152,10884004.745189011,79355761409,88949963811,6088433
2024-06-21,5554286770,194858220.0,307850737.84449846,255715570.88974124,52135166.95475721,79185536192,88777755659,6056192
2024-06-22,3574576931,136374899.0,216634468.42899212,219351848.1819348,-2717379.7529426813,79492570040,89105684964,6060442
2024-06-23,3263707432,157977975.0,203098767.78537816,195937390.6884843,7161377.096893847,79435153904,89045086146,6051614
2024-06-24,7420546446,279398704.0,284466391.2204512,271793251.21534383,12673140.005107343,79214270831,88816014029,6048432
2024-06-25,5017517680,162525424.0,281892372.10257185,250074663.56116173,31817708.54141012,79200684731,88794100777,6076805
2024-06-26,4951645270,204496392.0,288468947.8185685,274352603.09890896,14116344.719659567,79310514780,88924467602,6080605
2024-06-27,5713985156,230444186.0,476611142.9100891,431854238.7836108,44756904.126478255,79343371853,88956875184,4283200
2024-06-28,5102421339,332909026.0,432747364.6023735,437815245.7119154,-5067881.109541893,79243219613,88858603846,4265886
2024-06-29,2955846544,238794853.0,241979476.8239602,237872497.24546215,4106979.5784980655,79002695616,88602782814,4276829
2024-06-30,3158344700,204101203.0,282485228.1288909,238521730.69970766,43963497.429183215,79008770086,88592121473,4291656
2024-07-01,4755363360,253457894.0,318560722.03615224,304149069.69480824,14411652.341343999,78678593795,88261052655,4304779
2024-07-02,4235019889,220522719.0,284598750.379771,237029616.1307753,47569134.24899569,78782118186,88370244438,4295844
2024-07-03,5527273050,267547728.0,310001607.54294854,252372099.10529873,57629508.437649816,78632454836,88204069428,4291615
2024-07-04,7263350375,503474928.0,377164753.9544722,283047465.5874472,94117288.36702496,78562507405,88127615227,4276146
2024-07-05,9595123406,538232956.0,339431395.781322,308789914.78499603,30641480.99632597,78768274939,88349996110,4275705
2024-07-06,5038752684,237831966.0,193796248.09408268,190764316.6243056,3031931.4697770774,79208110793,88781377051,4282590
2024-07-07,4705042189,256257551.0,178197360.10704002,171963191.61769128,6234168.489348739,79353099251,88926666197,4274131
2024-07-08,7650396236,275237586.0,249662310.89260778,214654717.14320284,35007593.74940494,79355956357,88935965011,4276325
2024-07-09,5982174947,160560592.0,248590528.19468108,226711221.75295395,21879306.44172713,79242448049,88833323267,4277960
2024-07-10,6058024367,232693740.0,239253858.46715057,209743525.43502158,29510333.03212899,79394342175,88996947250,4277883
2024-07-11,6602251624,152686498.0,262383479.25769806,242437727.16972142,19945752.087976635,79676993170,89279609086,4230862
2024-07-12,6248414652,162981891.0,243311114.8950384,197646274.16711977,45664840.727918625,79445303803,89063460368,4256961
2024-07-13,4196763292,107914771.0,198786550.54325527,177974299.7974178,20812250.74583748,79417925786,89040305809,4258011
2024-07-14,5693345079,128161352.0,189380824.9739123,155471256.29827106,33909568.67564124,79223916300,88865866412,4267424
2024-07-15,6950718711,305343793.0,289608566.4795851,262220499.56820256,27388066.911382556,79418818176,89079118285,4268051
2024-07-16,7088489719,173617645.0,275003671.0940342,261477452.22581205,13526218.868222147,79220336400,88895238727,4262675
2024-07-17,6298473393,147306682.0,345461715.52585787,245881963.7705005,99579751.75535735,79467368701,89144323397,4266637
2024-07-18,6252597005,179789150.0,290926537.7081702,249565910.53611067,41360627.172059506,79108718998,89108390659,4299685
2024-07-19,7469131663,185914731.0,254280000.51481736,212960926.43175805,41319074.08305931,79113709319,89122610639,4266844
2024-07-20,4984819247,122447705.0,255294581.06335452,212072685.02848536,43221896.034869164,79620178944,89675995532,4293195
2024-07-21,6401616044,138265958.0,233046305.01849717,203602685.51509246,29443619.503404707,79701557325,89766273729,4304000
2024-07-22,5985829930,162525424.0,338129598.2938943,256359981.67122528,81769616.62266901,79654189698,89793706233,4288673
2024-07-23,7558730675,237414635.0,328193718.27735746,272464620.46034014,55729097.81701732,79608586124,89727029377,4294205
2024-07-24,4675371655,247488640.0,349756764.2666323,243012585.24132398,106744179.02530834,79677647150,89792821230,4245540
2024-07-25,7473920006,428507789.0,392186569.91059715,312327002.13979715,79859567.7708,79613595451,89748664561,4292375
2024-07-26,5139422221,218851849.0,299234428.89414,242818007.72909167,56416421.16504833,79347238156,89483163931,4295781
2024-07-27,5555761156,189492854.0,214063360.95818618,177254287.4141752,36809073.54401097,79504259532,89685486283,4296577
2024-07-28,4330806271,127176666.0,197508260.01626834,164249091.5579136,33259168.45835474,79527131961,89717460197,4304555
2024-07-29,5992189938,152370103.0,392529821.7142085,283762687.72634083,108767133.98786765,79732313139,89679461964,4313059
2024-07-30,5537774621,197854314.0,261862520.84773454,213143513.9006984,48719006.94703615,79039263172,89256566765,4330864
2024-07-31,5856218116,214190005.0,347607165.76828253,269182697.78533673,78424467.9829458,78920955811,89129851842,4331090
2024-08-01,6318568332,162525424.0,309526947.1897289,296544181.05298495,12982766.136743963,78769359014,89004025375,4258184
2024-08-02,6991349808,162525424.0,438577355.0404604,262655321.62675482,175922033.4137056,78335068351,88566969727,4258193
2024-08-03,6148051140,162525424.0,265579162.60494947,252652825.99250072,12926336.612448752,78369873151,88598997866,4263287
2024-08-04,7181932460,,317326772.3025981,240336604.43510935,76990167.86748877,78453126402,88688192459,4263287
2024-08-05,18436773471,464089617.0,737783266.5852399,623974122.1403794,113809144.44486046,78608327074,88845207337,4263287
2024-08-06,7488963752,455043448.0,337901181.1835738,256030793.75029665,81870387.43327713,78677437642,88910510147,4288945
2024-08-07,6961372841,235576906.0,287408895.9657309,236879541.0377228,50529354.92800811,79250335317,89523038733,4289118
2024-08-08,6382876304,231649670.0,329329071.23322517,282998938.31797755,46330132.91524762,80198722213,90545151335,4335917
2024-08-09,5128842953,164725135.0,242946758.6893398,173548734.6649811,69398024.02435869,80132665993,90426568366,4318776
2024-08-10,3513789853,120677092.0,167420296.07073244,140627313.23869345,26792982.832039,80339782089,90658570167,4309451
2024-08-11,4666269132,163972694.0,196893592.9979954,166343533.8262043,30550059.171791106,79993130425,90314054485,4309268
2024-08-12,6046155340,250886702.0,302685390.7117302,255260548.39253125,47424842.319198936,80158021839,90519861296,4312595
2024-08-13,5304361440,217876072.0,304921998.66806304,239178640.26209384,65743358.4059692,80456707141,90854061703,4262848
2024-08-14,4093481560,168575772.0,365622408.80275136,310974999.2713112,54647409.53144014,80822818403,91245595062,4269649
2024-08-15,5450272500,209230639.0,261491988.54634196,263357500.6514958,-1865512.1051538587,81262003504,91716298063,4260860
2024-08-16,4036756231,117332924.0,212669808.08521682,185342809.91961822,27326998.1655986,81487540874,91938946932,4241671
2024-08-17,2828601552,81019260.0,150601742.95070925,140519143.21927863,10082599.73143062,81987398827,92435537851,4278692
2024-08-18,2975547119,83342715.0,173832528.25758037,145506886.82942498,28325641.428155392,82134242661,92585051034,4271594
2024-08-19,4421648306,165258537.0,248940357.35501945,194758108.01944515,54182249.3355743,82076355955,92548805663,4265264
2024-08-20,4846208613,178512882.0,261608445.10673562,226637620.68081683,34970824.42591879,81944801751,92443748165,4257611
2024-08-21,4794548076,166778087.0,263816605.67136097,208932196.43913537,54884409.2322256,82316605164,92798750707,4250822
2024-08-22,4926402376,187643770.0,261200613.4164671,269677928.52144545,-8477315.104978353,82502796604,93010833611,4252871
2024-08-23,4426522424,211168720.0,300585392.94409865,240340724.4425801,60244668.50151855,82558259996,93052855836,4265846
2024-08-24,4222395030,117185384.0,210481294.21556142,184628054.86811504,25853239.347446382,83117829335,93625949894,4264646
2024-08-25,3994764136,119185791.0,173389724.6246817,166836700.40253738,6553024.2221443355,83214193964,93757646933,4282521
2024-08-26,4928897848,164790093.0,266300487.47267127,380905488.4630896,-114605000.99041831,83373226007,93909165144,4272027
2024-08-27,5141415579,216280384.0,312371628.25142765,246850691.55495664,65520936.696471006,83118791458,93674021803,4265649
2024-08-28,5937761014,161095394.0,188816108.27356637,181065215.98998505,7750892.2835813165,83024064257,93578950130,4255075
2024-08-29,4429082077,138621884.0,194445874.17848474,189184488.82542804,5261385.353056699,83271714701,93812482401,4256273
2024-08-30,4308361013,63823446.0,203332049.19691435,215375014.98333585,-12042965.786421508,83203598420,93757230774,4270284
2024-08-31,2489632789,85628743.0,122169977.75080104,340668795.2369197,-218498817.48611867,82986632517,93685012959,4254385
2024-09-01,3654386731,121727476.0,172106222.73358086,375657677.010562,-203551454.27698115,82846624706,93528738599,4241692
2024-09-02,3651236188,116151525.0,220087871.9139501,174128757.18441454,45959114.72953555,83045475218,93758926002,4251132
2024-09-03,4045024415,275522280.0,165822714.0545043,155989432.25306883,9833281.80143547,83050263405,93751891630,4354996
2024-09-04,4995767512,203668350.0,237944850.20087478,214175838.03105128,23769012.169823498,82679623486,93377088044,4194586
2024-09-05,4145276717,225559187.0,232715501.74157178,202510484.39080757,30205017.350764215,82974070477,93664280317,4183588
2024-09-06,5762105766,347697301.0,306167176.7927397,264230838.46682924,41936338.32591045,82732944099,93420356630,4187828
2024-09-07,3072704648,99563157.0,233630170.68924657,162898715.1715057,70731455.51774088,82626040952,93349950530,4190237
2024-09-08,3100268558,151536650.0,137749312.89402732,125777495.55006929,11971817.343958035,82915596167,93666379176,4194467
2024-09-09,4251503331,141708265.0,203194608.96286866,303206462.0655268,-100011853.10265812,82830997225,93600718312,4195856
2024-09-10,3777575542,105213683.0,180919461.12513453,170080496.59791347,10838964.527221054,83184176527,93975465049,4196728
2024-09-11,4514622560,204373019.0,234722393.86173666,593393201.8015646,-358670807.9398279,83562672003,94363868046,4207934
2024-09-12,3570934172,166034379.0,552683002.5524431,379141553.277378,173541449.27506512,83559366721,94384185473,4203426
2024-09-13,3394523637,122291562.0,224475842.24161652,220477196.7159972,3998645.525619328,83501957321,94304435469,4197436
2024-09-14,2696107556,78273643.0,192932916.5630216,158539769.16683215,34393147.39618945,83696941673,94565979694,4198138
2024-09-15,2615378780,113037916.0,188296800.18379667,169012915.8855939,19283884.298202783,83879031299,94792793245,4191586
2024-09-16,3662650792,139191517.0,249563360.4508245,176752541.51206514,72810818.93875936,83718721092,94641127186,4189790
2024-09-17,4196284465,165715242.0,171671318.72678557,185975531.51099402,-14304212.784208447,83833328516,94752282790,4200877
2024-09-18,4652105932,174793484.0,225915419.96522653,213877449.00354695,12037970.961679578,84280037595,95203815088,4202629
2024-09-19,5288635214,178391726.0,298406462.7215819,584394113.4398438,-285987650.7182619,84535110032,95442374182,4197267
2024-09-20,4992256768,86043581.0,287625453.7198158,345140433.0005707,-57514979.280754924,84205727255,95104534593,4199136
2024-09-21,3931071539,82713858.0,273241814.58192533,208558757.09902665,64683057.48289868,84618458144,95521811835,4215581
2024-09-22,3502014371,138411357.0,229102839.29953822,219514946.0675427,9587893.231995523,84826299215,95751671169,4209801
2024-09-23,5151236404,152626707.0,299656455.55435014,391516345.7374281,-91859890.18307799,84848091384,95768346412,4198553
2024-09-24,5043828277,116442505.0,262033707.03292888,428194654.310468,-166160947.27753913,84657996154,95595442820,4208843
2024-09-25,5139449147,231611656.0,314324374.47301143,325110784.61939585,-10786410.146384418,84726751052,95665859448,4198911
2024-09-26,6125203940,261544099.0,320837449.2513243,340814593.1334828,-19977143.882158518,84841500402,95779485399,4207885
2024-09-27,5800002083,249418393.0,339561355.994918,382883760.05719584,-43322404.06227785,85235079318,96168289011,4204883
2024-09-28,4348922764,95493763.0,239214198.06271765,244025346.93651944,-4811148.873801798,84954210534,95863778072,4348392
2024-09-29,4295951407,143304567.0,236619816.6601753,208592191.67169604,28027624.988479257,84966120747,95888482058,4360827
2024-09-30,6101755242,233872277.0,282174710.6388178,239323784.03079453,42850926.608023256,84827128801,95742027084,4201204
2024-10-01,8036150541,267588449.0,324857311.4696479,360261878.29130256,-35404566.82165468,84131724218,95063977433,4212773
2024-10-02,6632059686,297083612.0,301045907.95168996,471996871.48386246,-170950963.5321725,84639096872,95332108306,4215274
2024-10-03,6055141991,269558807.0,263976672.64036715,238880644.9382277,25096027.702139437,84891460886,95589927612,4219236
2024-10-04,4976868087,212631795.0,345005940.7545006,273485061.4772762,71520879.27722442,84699856858,95411909848,4193791
2024-10-05,3542817199,87512843.0,185726299.24853757,171270746.59649557,14455552.652042001,84804579507,95393123340,4199864
2024-10-06,4080968958,114797670.0,159680647.98486322,142870261.86117044,16810386.12369278,85252031519,95878934666,4196602
2024-10-07,5843527168,112451471.0,261565580.77973375,208256338.10097352,53309242.67876023,84547832092,95125125183,4179235
2024-10-08,5920196004,164665581.0,244881029.5846358,404953242.590824,-160072213.0061882,84766125085,95422625230,4195831
2024-10-09,5855049789,162292594.0,305509985.5861529,275331718.5120616,30178267.074091315,84934244821,95511415063,4181728
2024-10-10,5928210365,239987218.0,253284731.3803053,242419724.1056889,10865007.27461639,84987509500,95566812358,4175375
2024-10-11,5218445856,116746803.0,325219803.51765734,426695742.96197003,-101475939.44431269,84679758794,95249663018,6520349
2024-10-12,4729275016,85683968.0,206998810.14935362,187478034.43233484,19520775.717018783,85001704242,95511774088,4183678
2024-10-13,5177722579,237019630.0,201998489.37737367,181949787.21603036,20048702.161343306,85231009061,95760839391,4174939
2024-10-14,7857623271,237810235.0,330947575.49354386,298416365.5830264,32531209.910517454,85369064393,95923638064,5695588
2024-10-15,8064690668,147090283.0,372044222.10132116,356150246.9942884,15893975.107032776,84734009009,95284810381,4182975
2024-10-16,6688319586,150692601.0,299892635.7016592,268364401.43980423,31528234.261854976,84782804883,95354654079,4188326
2024-10-17,6380885810,192809830.0,307932464.94315666,281912075.015468,26020389.92768866,84366767809,95166631288,4183628
2024-10-18,6165349825,81613901.0,391770539.1946375,475667960.270934,-83897421.07629651,84483176261,95316341509,4183216
2024-10-19,4652082748,75419194.0,223268363.5914833,239320364.08959046,-16052000.498107165,84747898913,95555100984,4182271
2024-10-20,6175350148,192735532.0,213392554.82823497,208078885.32253078,5313669.505704194,84823853322,95609076068,4186446
2024-10-21,7403294318,161423105.0,295318246.76894295,259146109.83783934,36172136.93110362,84754107112,95528636104,4182934
2024-10-22,7357039874,151226333.0,393261633.56174797,363151170.7606199,30110462.80112809,84862444034,95551161225,4185945
2024-10-23,8135740298,221355364.0,382391171.36277974,336354197.6041891,46036973.75859064,84732899195,95440702826,4192304
2024-10-24,7609295163,206954409.0,362714707.20457506,336766061.7954881,25948645.409086943,84053089864,94755681231,3859345
2024-10-25,7950676768,148262077.0,334122857.4088142,301922509.1113936,32200348.29742062,83634746842,94316528854,3987608
2024-10-26,6010608976,106846283.0,331381851.58690536,304622229.3274858,26759622.25941956,84138026799,94847016301,3990851
2024-10-27,5295100387,108495649.0,241704359.2704256,214984143.80133936,26720215.46908623,84174379072,94875775677,3988109
2024-10-28,7582825815,190879154.0,286643013.8355193,397077227.9167709,-110434214.08125156,84324012612,95046576433,3991474
2024-10-29,7953423131,141246822.0,377610569.0116763,576215726.081106,-198605157.06942964,84205788971,94711715457,3982431
2024-10-30,7668200870,305467499.0,452295894.0866185,420929231.4157129,31366662.67090559,84185541762,94742799870,3961882
2024-10-31,7365757321,262676767.0,331201028.32447535,339433555.3601407,-8232527.035665333,84252981109,94870210134,3958984
2024-11-01,7274699363,59196486.0,300931448.05224234,241605907.34463283,59325540.707609504,83745623103,94391207155,3933410
2024-11-02,4958828661,36369488.0,231580295.41307455,204126778.04840323,27453517.36467132,84217655324,94903931649,3931819
2024-11-03,6227506834,65931260.0,239393768.0818095,225962200.6147734,13431567.467036098,84172891304,94849255384,3929595
2024-11-04,6292138185,81062272.0,343997356.7264311,551959659.3508168,-207962302.62438577,84328386229,95017780426,3935423
2024-11-05,7456003753,251944360.0,389859665.055659,513780186.05535185,-123920520.99969286,84868437299,95451038629,3935992
2024-11-06,12758251998,400840965.0,641423378.4584445,610746081.2950633,30677297.16338122,84970637370,95630450792,3934050
2024-11-07,11031205714,557457203.0,567376828.5580794,646681173.3159386,-79304344.75785923,87897636172,98632955804,3935776
2024-11-08,9233566699,221218242.0,442643078.9721245,434874261.3968342,7768817.575290322,88762095114,99232993910,3932186
2024-11-09,9000620016,202915959.0,344452525.47443914,331927486.23423076,12525039.240208387,89907182457,100431766277,3930417
2024-11-10,13098791263,229061836.0,545225514.4477109,634413719.9805568,-89188205.53284597,89771639068,100395937276,3922873
2024-11-11,16734187138,479981196.0,549972632.9243814,646580545.2189156,-96607912.2945342,90478984277,101192805940,3942414
2024-11-12,19195898979,390272646.0,621764483.0959432,589898305.882037,31866177.21390617,91705437526,102290881301,3930429
2024-11-13,19754469578,275019976.0,550668661.061092,549439912.5677702,1228748.4933217764,91798578021,102404982224,3931404
2024-11-14,15660842402,484611923.0,500321367.7789689,498218477.7277453,2102890.051223576,92930363142,103523836942,5076393
2024-11-15,13015576075,433258649.0,465754197.7945755,418065472.4863129,47688725.30826259,93956794454,104505095626,3926888
2024-11-16,12714767771,160120072.0,423065481.6533425,396436603.8321373,26628877.8212052,94246702912,104765610561,5407058
2024-11-17,13938076650,294164531.0,414101119.4211541,377870168.38981575,36230951.031338334,94595560790,105119699388,3939207
2024-11-18,17150487081,288281810.0,512565097.3173113,494261721.78145874,18303375.53585255,94857680810,105402430715,3945076
2024-11-19,15964060848,364346977.0,357129759.87412655,354606569.24557364,2523190.6285529137,96878000386,107433243764,3951684
2024-11-20,16549842624,347188250.0,427142451.6557004,345260402.2546105,81882049.4010899,97302016460,107759915144,5436403
2024-11-21,17909700648,297438166.0,590336335.4036516,499347767.0341838,90988568.3694678,98519342305,109462910806,3715764
2024-11-22,15501301229,324005219.0,567702718.2255015,671442786.1421423,-103740067.91664076,99111867622,110118457090,3720214
2024-11-23,14793585137,259888854.0,555528617.4956123,552039261.2904164,3489356.205195904,101003499262,111991191741,5611704
2024-11-24,14157845116,297588267.0,595499551.5723141,563134295.9735246,32365255.598789573,101637595011,112578841618,5031838
2024-11-25,17381948780,447878838.0,623164077.4819003,882665425.4499879,-259501347.96808755,101957544842,112974207801,3745667
2024-11-26,17439133166,350891660.0,626861760.3701974,636520658.0121084,-9658897.64191103,101163082588,112233719302,3733001
2024-11-27,14138545703,338941216.0,825590766.7798643,861591915.3661932,-36001148.586328864,101015200871,112286375118,5432009
2024-11-28,12457717550,320998821.0,666968253.407696,659406383.5508956,7561869.856800437,102511077989,113693173086,3741763
2024-11-29,11181565104,236171079.0,896498610.5691614,879950384.364474,16548226.204687357,103374444820,114378765802,3770472
2024-11-30,10364907109,193165229.0,585526530.5819314,557727521.3163804,27799009.26555097,103872126234,115069174980,3783488
2024-12-01,12944502514,275796565.0,559568655.2202566,533333002.0242543,26235653.196002245,104312835189,115245132922,3779816
2024-12-02,17508043848,485105493.0,700060267.4874067,763727968.0399095,-63667700.55250275,104571895589,115517513544,3767601
2024-12-03,15958938621,396486440.0,763724963.3460834,827836492.6702929,-64111529.32420945,105361268340,116314609474,3779248
2024-12-04,17961116512,480551649.0,921767142.1312351,932818196.7665895,-11051054.6353544,103722061690,116844991798,3657871
2024-12-05,19868163942,421204293.0,1035688869.0316963,1246999497.7731943,-211310628.741498,104332980812,117773603059,3667958
2024-12-06,15642679930,303722283.0,817822909.7355798,775919938.7003208,41902971.03525901,104806101780,118290511728,3808494
2024-12-07,9868026127,259484909.0,663469403.7948698,553156469.7803575,110312934.0145123,106438305221,120270764757,3812475
2024-12-08,11295478384,407697382.0,538587976.5217898,520572491.3181396,18015485.203650177,106814099712,120659205204,3811370
2024-12-09,18692345340,440399234.0,889633860.8334239,1069614932.1389967,-179981071.30557287,107232958861,120762937672,3760366
2024-12-10,17730535683,268565124.0,850547496.7648857,745335530.3386432,105211966.42624247,107297605460,120888416779,3749232
2024-12-11,13497420884,514312504.0,843624242.0353887,774794849.4208593,68829392.61452937,107593056769,121242981423,3764340
2024-12-12,14845193347,509993691.0,934167268.8446909,861502700.7160418,72664568.12864912,109496969075,123128217133,4092375
2024-12-13,12076385975,347463969.0,980603404.123446,1222714978.1307797,-242111574.00733376,109783758557,123442145337,4081348
2024-12-14,10051552226,407084420.0,902723157.1702659,847448661.7415272,55274495.42873871,110813786501,124433145453,4079614
2024-12-15,10601154256,465828551.0,758406362.2858589,723788705.9976134,34617656.28824544,110926956574,124578607926,4092271
2024-12-16,16184350888,458505162.0,1142330463.8324742,1065275341.6213952,77055122.211079,110901563592,124583617232,4071829
2024-12-17,14651197671,432004618.0,912434371.4260994,964730974.3394432,-52296602.91334379,110996433380,124661749206,4064347
2024-12-18,17284652944,618028293.0,919333234.8496474,1043614198.9704018,-124280964.12075436,110867284194,124462473973,4044038
2024-12-19,19173364326,919158175.0,1046537411.4769385,1211289535.9525192,-164752124.4755807,111116419878,124672847406,4037323
2024-12-20,17744737652,902117311.0,1072993178.5563,1072137794.3167647,855384.2395353317,111723579917,125099827159,4038237
2024-12-21,11863728110,458173805.0,746387619.9198772,700612243.7865363,45775376.133340836,111738451503,125070181651,4067163
2024-12-22,10448081479,418807883.0,585495908.9545755,527654846.0773147,57841062.877260864,112009883216,125349308794,4047880
2024-12-23,12160215821,431769531.0,1024598983.0614865,1741454993.3010767,-716856010.2395902,112418380649,125792166936,4076022
2024-12-24,11835953724,317350632.0,724014293.5542932,922536017.309857,-198521723.75556386,111984542432,125259625884,4055102
2024-12-25,8855487234,420191828.0,625900651.5490046,782214944.2939718,-156314292.74496722,112358358054,125518019871,4050992
2024-12-26,9771017344,531779663.0,713398027.0487266,888262505.0735133,-174864478.0247867,112524420507,125708368037,4057301
2024-12-27,10033354449,317429289.0,746038186.6696845,917394669.4107448,-171356482.74106026,113103907760,126291739933,4055940
2024-12-28,7957969119,238400836.0,457259178.61235845,527559235.4469785,-70300056.83462006,113436512563,126628907754,4075011
2024-12-29,8565245955,451900820.0,446264184.9805967,506921456.67180395,-60657271.69120723,113296076847,126526030984,4074897
2024-12-30,12626186867,761569643.0,637152665.742524,763666794.1552849,-126514128.41276085,113015174460,126227011035,4078150
2024-12-31,11057502621,195286894.0,592384418.531385,790712866.7835176,-198328448.25213265,113595129160,126710271148,4027353
2025-01-01,10054485607,293737396.0,484947912.99141705,535479413.4876656,-50531500.49624854,113044860735,126043501173,4072253
2025-01-02,12829170810,317009144.0,763995813.5817622,722150860.300463,41844953.28129923,112330963550,125262679334,4080372
2025-01-03,11526332700,613825215.0,729553345.6627913,707984701.1920027,21568644.470788598,113651301601,126665247792,4086291
2025-01-04,9578423979,237708979.0,568820087.6499445,586266789.3099164,-17446701.659971833,114912033843,127915593260,10268317
2025-01-05,9544459304,340543074.0,485607761.1092028,467254659.8861884,18353101.223014414,115176365708,128120211348,4110445
2025-01-06,12965102249,449144696.0,767448623.0400182,811470056.8867503,-44021433.84673214,115347241066,128289406368,4124413
2025-01-07,14215236825,553090803.0,490075302.6944051,714800793.7519072,-224725491.05750215,115639705217,128473340377,4104194
2025-01-08,14241503290,289246308.0,482836138.45011723,459107296.5544841,23728841.8956331,115223460849,128000373024,4098576
2025-01-09,14026465891,1140486466.0,497195178.419236,568213875.9461278,-71018697.52689177,115145205932,127834879638,4100213
2025-01-10,12820850993,575305535.0,368509558.7207624,350126748.1142722,18382810.606490195,114836240480,127441524579,4106559
2025-01-11,7792198935,232460986.0,364780132.193672,424422582.4130335,-59642450.219361484,115017585642,127518921548,4099007
2025-01-12,8145278792,238088034.0,484675395.47394747,630777281.4876021,-146101886.01365465,114918061778,127427287790,4091850
2025-01-13,14692231802,392767326.0,1082411965.127207,1150579815.8400378,-68167850.71283078,115269128373,127692171473,4116147
2025-01-14,11238745068,307836420.0,651554536.9362372,743211139.9406896,-91656603.00445235,115523796671,127878228100,4108616
2025-01-15,12559455275,386798215.0,602785559.6796798,636538384.5171285,-33752824.837448716,115709480131,127961293221,4114486
2025-01-16,13066237399,501250076.0,502703006.3713788,687653681.8398787,-184950675.4684999,116368415966,128534557048,4102028
2025-01-17,26638061886,528530460.0,814706830.6550424,787240158.1223902,27466672.53265226,116544086156,128624363033,4112141
2025-01-18,48217224942,704146961.0,1566356473.8352268,1223632483.6745472,342723990.1606796,117460823549,129332403910,4099467
2025-01-19,44524024105,736887316.0,2367336913.763437,1595869825.8040214,771467087.9594154,116783998925,128679124687,4087127
2025-01-20,43849813716,538635713.0,1695503381.1886096,1581292891.0995648,114210490.08904481,115762357667,127694367778,4087953
2025-01-21,26014746058,449042907.0,975191892.6649594,964709898.0758754,10481994.58908403,114658657731,126546464848,4078578
2025-01-22,22799911886,417398261.0,654240951.084097,826901317.9344702,-172660366.85037315,116774292470,128544470095,4080138
2025-01-23,25089676463,412499647.0,812928437.2626797,1309220329.996375,-496291892.7336954,117384680596,129159098444,4031007
2025-01-24,19788527807,302856850.0,745940978.8437808,1981998215.6858501,-1236057236.8420694,117909991156,129710204850,4055901
2025-01-25,15331593971,181438329.0,478783910.24500686,478340153.909524,443756.33548283577,117935900413,129649083700,2677374
2025-01-26,16477969752,598536664.0,456229112.5786334,498893074.2720416,-42663961.69340819,117866686235,129593369255,2687179
2025-01-27,20712773977,386911617.0,975173286.6763706,1034280148.690873,-59106862.014502406,118060253504,129653356480,2680773
2025-01-28,14931511692,395588963.0,553825674.273822,684088112.9742709,-130262438.70044899,117667018948,129085714124,2685046
2025-01-29,15091055269,381195106.0,477815278.01770824,504422715.114835,-26607437.097126782,118098238628,129450113565,2689041
2025-01-30,13410052016,372197594.0,707327390.1069529,595110981.674127,112216408.43282592,118448099538,129604416260,2694691
2025-01-31,13760246320,214958986.0,550855506.2085205,721268598.0487729,-170413091.8402524,118911547887,130068370643,2696472
2025-02-01,13933026638,226192096.0,442117090.0004993,527617440.19625723,-85500350.19575793,118840375935,129982361124,2697134
2025-02-02,21981353047,1654119484.0,605599849.7649819,763849406.0302653,-158249556.26528347,118940596202,130075637529,2684756
2025-02-03,28723333265,594873065.0,1380406344.8695538,1289521296.3074017,90885048.56215215,118886293392,130031347283,2680332
2025-02-04,17666343084,450141161.0,680901676.8375163,730127132.0700186,-49225455.23250234,119133819511,130282311965,2661010
2025-02-05,12990229368,323829153.0,712407847.4095064,1943211724.1913419,-1230803876.7818356,120648321752,131797438807,2683459
2025-02-06,13369901072,283171611.0,575533814.4580745,687041216.443955,-111507401.9858805,121634989670,132663580530,2671599
2025-02-07,12063371249,255995580.0,521385545.4974307,516575201.5820899,4810343.915340781,122021270796,132932344241,2672274
2025-02-08,10250596336,176474988.0,340067928.16365373,367627855.2434955,-27559927.079841793,123004525393,133816257482,2674064
2025-02-09,12903279625,262008346.0,349720784.20195395,371924840.6129421,-22204056.410988152,122984345796,133803608124,2679458
2025-02-10,12129379614,295080136.0,547208157.86054,547182491.9210575,25665.939482569695,122966632562,133797684598,2686892
2025-02-11,11722909802,264302472.0,553807520.1167227,614676484.0351006,-60868963.91837788,122772878798,133613218547,2690086
2025-02-12,13210855215,307906770.0,596023934.4344652,561233929.8326066,34790004.601858616,122720530399,133483813557,2731016
2025-02-13,14056401223,300820991.0,600792248.841309,706885072.5315849,-106092823.69027591,123915701142,134724236329,2673392
2025-02-14,11427421062,125595780.0,726772500.9246252,747868790.1509346,-21096289.22630942,124287488902,135093254338,2714312
2025-02-15,8265481319,119827793.0,468947655.0201843,488081008.77583295,-19133353.755648673,124451328182,135255459285,2675421
2025-02-16,7899970547,167485517.0,430423822.1492119,475680477.90353906,-45256655.75432718,124466272580,135272925202,2677536
2025-02-17,11443557238,296174931.0,528020908.0479036,588259755.0609232,-60238847.01301962,124511263285,135331209909,2723249
2025-02-18,12271979866,309968419.0,689344779.3024113,836423226.6825821,-147078447.38017082,124309003898,135043066066,2731797
2025-02-19,10245889536,294280733.0,576028438.0011296,650077711.7141683,-74049273.71303868,123972565526,134818652541,2729427
2025-02-20,9812556910,246240311.0,732791883.5358642,661586761.1058161,71205122.43004811,124907793918,135793014037,2725944
2025-02-21,13881738554,1438615982.0,1172155453.017104,1242834516.9038343,-70679063.88673043,124908343858,135805031788,2714023
2025-02-22,7738928035,185980034.0,833073584.4168991,707879180.6919124,125194403.72498667,125434224433,136376217489,2725105
2025-02-23,8833478542,421099855.0,510980422.4750472,501385275.3095479,9595147.16549927,124588477152,135778651929,2729993
2025-02-24,15556837619,628003020.0,871953984.7206172,834789337.1464715,37164647.574145675,124665422061,135881934270,2757233
2025-02-25,18507895087,327475623.0,976118198.5366807,1044611566.0346996,-68493367.49801886,124481655718,135606751791,2691409
2025-02-26,12855674195,227585098.0,681541284.1539165,754801824.7555035,-73260540.60158706,123292182102,134561926463,2605870
2025-02-27,10870713284,427634190.0,540350564.9612916,612936432.3754629,-72585867.41417134,122703578728,134054135041,2566306
2025-02-28,13860791903,206471415.0,754116920.703156,697734831.4225194,56382089.28063655,122261387749,133704525466,2554653
2025-03-01,9250217669,143397876.0,526539606.34699816,518302247.3361836,8237359.010814548,123042137207,134508330342,2551917
2025-03-02,15876049408,296118501.0,746821965.4377124,688782998.091835,58038967.34587741,122983881848,134460603147,2560513
2025-03-03,14872178283,301577669.0,682064480.2456429,688251838.6657676,-6187358.42012465,123118401887,134589209142,2539444
2025-03-04,13196174503,245605003.0,701925531.462099,830013090.5993823,-128087559.13728333,122997877940,134465216648,2532097
2025-03-05,10638284891,222236560.0,594340357.4431157,665046247.0530163,-70705889.6099006,123668277590,135141717241,2635878
2025-03-06,10040581960,308802535.0,557372617.6632334,521611549.3294546,35761068.3337788,124299685569,135749108064,2612399
2025-03-07,11766513738,327836427.0,507325895.8471101,458834395.9675137,48491499.87959641,124278834787,135734781598,2624722
2025-03-08,6524699219,247621582.0,394921509.3116095,383469722.1429207,11451787.168688834,125089641685,136562965679,2636905
2025-03-09,7022272303,143176376.0,399421874.2398438,421804923.46159697,-22383049.22175318,125100968958,136582584306,2599193
2025-03-10,12240792225,303706175.0,715667511.5321656,771829804.0222025,-56162292.490036845,125026347364,136506430862,2567987
2025-03-11,11471457874,523868826.0,664970478.6102397,715157178.1620042,-50186699.55176449,124619980000,136138449160,2539520
2025-03-12,9008132457,486277429.0,521493493.4790868,632145393.9033462,-110651900.42425936,125255250897,136814311881,2546746
2025-03-13,7166577354,264876292.0,482299815.6537024,536911223.5591738,-54611407.905471444,125787156051,137378518319,2537864
2025-03-14,6086436896,198308436.0,633665170.3622501,671393179.19664,-37728008.834389925,125953764496,137528239066,2561881
2025-03-15,4352334962,257074924.0,445524181.4402862,430206163.3476513,15318018.092634916,126511058023,138092006618,2558952
2025-03-16,4820894122,117386393.0,337493715.1663462,472935686.3394143,-135441971.1730681,126337713740,137936416896,2546931
2025-03-17,6313214747,121612599.0,521580442.78493387,536177026.2589395,-14596583.47400564,126272530061,137933978357,2561873
2025-03-18,6340330432,244615167.0,569183566.8384248,609641605.8725685,-40458039.03414369,126037217660,137729215642,2563127
2025-03-19,7727337773,235560737.0,764547252.0607395,670435142.4864138,94112109.57432568,126262660811,137948509401,2505452
2025-03-20,6496982734,250198394.0,653778534.048291,746978979.5424755,-93200445.4941845,125538194258,137197877993,2505603
2025-03-21,5859683345,281872399.0,523485927.88851446,540099178.1611232,-16613250.272608697,125403256364,137068357373,2506749
2025-03-22,4227678480,228552479.0,279542242.67837435,287767537.14067084,-8225294.462296486,125905145383,137569512301,2513097
2025-03-23,4831811085,110558213.0,250382764.81814027,253306515.42055336,-2923750.602413088,126828238830,138490607896,2568997
2025-03-24,6979825728,209312655.0,970954337.8183903,799696850.930074,171257486.88831627,127020008148,138686414949,2519999
2025-03-25,6590192525,186459324.0,835025121.1335807,725978622.566372,109046498.56720865,127568520735,139236425799,1331250
2025-03-26,7187979852,173264342.0,747803332.3153355,1106093952.690192,-358290620.3748565,128553082858,140223618929,1368952
2025-03-27,7133408425,324436211.0,788039567.4105945,839105109.4346801,-51065542.02408564,129079114296,140124934910,1310570
2025-03-28,7916880644,265442931.0,743126104.3830978,932821185.9678407,-189695081.5847429,128571186636,139618530081,1310137
2025-03-29,7526601715,221111249.0,497128798.2873499,544327745.7791271,-47198947.49177724,127794808247,138841362374,1355917
2025-03-30,5102046221,191483422.0,503051976.768042,553410045.4733475,-50358068.70530552,127924961172,138965616712,1355788
2025-03-31,6601281504,249007792.0,727827559.0503176,746134927.0918566,-18307368.041538954,126773377542,137794623426,1340066
2025-04-01,6935066313,283480781.0,755253549.3659728,844034824.0620813,-88781274.69610858,126859991081,137878515577,1348502
2025-04-02,9807466142,266557411.0,874794333.4411274,989467201.4966525,-114672868.05552506,127044912693,138157615726,1331153
2025-04-03,8886127388,286116984.0,838829230.7073908,1033127093.3047284,-194297862.5973376,127438008856,138549735266,1311660
2025-04-04,9194809621,338466571.0,678053035.52176,904978883.3377728,-226925847.81601286,127238331339,138363867315,1313380
2025-04-05,4316203244,179178012.0,420098683.85500807,467311620.30923355,-47212936.45422548,126798730855,137946584357,1332851
2025-04-06,8183184205,107751238.0,599413111.2320255,595586512.4231348,3826598.8088907003,126527606062,137677402304,1316844
2025-04-07,13542912286,352683293.0,1138017027.489173,1280004622.4188907,-141987594.92971778,126271255694,137430438732,1317863
2025-04-08,8377282659,428228370.0,656710804.5622576,685620965.7839618,-28910161.221704125,125348356116,136551789963,1313518
2025-04-09,11874386629,259325626.0,783183957.6400374,825221069.5308694,-42037111.89083195,125462046939,136614724981,1325701
2025-04-10,8674076621,315429500.0,698741768.5400254,720320087.0342239,-21578318.49419856,125294344107,136431043854,1339012
2025-04-11,8056580955,278017031.0,639100568.6370629,619784822.7179992,19315745.919063687,125077618825,136213742133,1316912
2025-04-12,7110989156,202960701.0,542532789.4857196,549691804.4126555,-7159014.926935911,124825398329,136004771092,1316920
2025-04-13,7775074507,207808837.0,399999595.1862056,433008996.5951511,-33009401.4089455,124247290827,135420461938,1316958
2025-04-14,8668875709,204209650.0,620904502.0664551,642979022.9441645,-22074520.87770939,124191958202,135370291552,1301755
2025-04-15,8172707274,214065170.0,725904446.8192754,723782207.3769233,2122239.4423520565,124053182787,135233887101,1314989
2025-04-16,8970662453,209987013.0,934595081.9941738,1111771693.3387382,-177176611.34456444,124147371522,135397033301,1321378
2025-04-17,7573406937,214613322.0,656123604.4151447,675977554.1906656,-19853949.77552092,124198519219,135336103511,1326934
2025-04-18,5104477168,187611302.0,528200875.15269285,575751465.5066347,-47550590.35394186,124456842995,135618064228,1329682
2025-04-19,5385586068,115166320.0,381780157.42907554,362267252.31445825,19512905.114617288,124075378571,135049165888,1337948
2025-04-20,4952568554,84310089.0,457291254.769132,477267256.9280508,-19976002.158918798,123935908471,134914740836,1346669
2025-04-21,8062572825,188332886.0,524304022.5331361,566727679.5786419,-42423657.04550576,124072869686,135115031291,1365188
2025-04-22,10221808060,222567313.0,752203452.1112218,868770662.2607768,-116567210.14955497,123060918960,134066923505,1370555
2025-04-23,12425020073,353284461.0,765877164.5023631,888637565.2680323,-122760400.76566923,123817261102,134838276052,1369703
2025-04-24,9241032544,259732754.0,716098789.1344812,848433061.1419631,-132334272.00748193,124177180188,135186768706,1367707
2025-04-25,9855153599,218499091.0,648082986.860705,607409294.2590091,40673692.601695895,125105034146,136077485650,1369048
2025-04-26,7646499620,137163043.0,509868484.8942242,521592172.5330542,-11723687.638829947,125528098377,136489979273,1351078
2025-04-27,7274563668,139564321.0,378429300.2361936,392556202.9461267,-14126902.709933102,125652507059,136735783818,1387221
2025-04-28,9629227492,105835130.0,522144113.5787564,532445794.87010413,-10301681.291347742,125528414378,136619553314,1390775
2025-04-29,8671590566,121160790.0,776347033.8006523,785320151.5115595,-8973117.71090722,126222561142,137273732100,1404502
2025-04-30,9273475142,119541664.0,545118975.7269738,642102318.6435323,-96983342.9165585,126230232924,137347825144,1400922
2025-05-01,9486306886,277003876.0,784122937.3666005,717781773.6397669,66341163.72683358,126413119921,137578020245,1420046
2025-05-02,7910920461,257044100.0,437661902.6898507,420127240.1935495,17534662.496301174,126202553102,137367849255,1420932
2025-05-03,6661034678,115870515.0,341864296.81531686,402637892.9123837,-60773596.09706682,126304235480,137463207942,1465650
2025-05-04,7065402908,97418198.0,451965750.22249156,531172958.485203,-79207208.26271147,126610829029,137765434194,1486743
2025-05-05,9940252013,200516412.0,553074115.2195781,711228221.6487503,-158154106.42917216,126328036884,137515769431,1494651
2025-05-06,8318363411,237348883.0,986693873.4143504,1130728486.0447407,-144034612.6303903,126260525564,137397293293,1495912
2025-05-07,9181117154,204695395.0,892495526.0131266,828477894.8939862,64017631.11914039,125551041709,136637401484,1499313
2025-05-08,13630030196,65864089.0,1244982684.4165945,1118920452.2776947,126062232.1388998,124769517988,135845461534,1498407
2025-05-09,16382447251,470002208.0,1875762312.386048,1696393981.1366992,179368331.24934888,125409879587,136522154076,1544581
2025-05-10,13251391633,432916945.0,1025136209.9398699,923283707.9378513,101852502.00201857,125635745261,136745692915,1556249
2025-05-11,15257473926,234216678.0,704069527.346715,605572656.68539,98496870.66132498,125743410822,136834448683,1588422
2025-05-12,20069883388,271769534.0,1655846084.4041464,1542216055.4764047,113630028.92774177,125750038104,136840453113,1598747
2025-05-13,15078147413,320493737.0,1191032514.8041105,1225002372.9188957,-33969858.114785194,123708917205,136233619380,1215991
2025-05-14,14695171261,322998168.0,1074692433.4884722,997006818.3696213,77685615.11885095,124169253099,135627096176,1610514
2025-05-15,14678505114,208111787.0,756501853.3889229,816394689.7687881,-59892836.37986517,124151803434,135674163447,1607654
2025-05-16,12100100250,222280583.0,681575417.2780626,607104409.6468219,74471007.63124073,123288610171,134787633637,1634200
2025-05-17,10392145434,140981439.0,438691573.4054337,448061667.0344781,-9370093.629044414,123503286585,135544741886,1683680
2025-05-18,12195837946,154427777.0,509758421.3058939,493721096.3138214,16037324.992072523,123502352634,135549732180,1679834
2025-05-19,14910344364,191084995.0,652791645.5544544,552943296.2529901,99848349.30146432,123328752403,135392137200,1670625
2025-05-20,15617447022,223155710.0,937381434.3382595,894087999.1035467,43293435.23471272,123006795640,135101093195,1728253
2025-05-21,18727749222,203310362.0,1049936994.2442433,781087442.1991057,268849552.0451375,123453791616,135605032892,1743080
2025-05-22,16370819303,292627185.0,1218228027.303553,1158091877.2089148,60136150.09463835,124200044300,136362641251,1744942
2025-05-23,17526688591,505922027.0,1279729209.3482726,1250348186.3563976,29381022.991874933,124274916682,136402019861,1722514
2025-05-24,9049270499,105746575.0,473766141.4661559,604925091.6659706,-131158950.19981468,124094729409,136191086353,1719298
2025-05-25,10019135252,123581649.0,464977940.52901953,536148328.1335084,-71170387.60448885,124266019046,136394109032,1750354
2025-05-26,11852042263,119786422.0,604646055.6172507,596822207.7431145,7823847.8741362095,124226645241,136354329616,1781054
2025-05-27,12525617203,162541975.0,699128944.540509,948409493.721057,-249280549.18054807,124439160225,136578595544,1748750
2025-05-28,11552039631,240146624.0,608755003.4244232,583878361.0570564,24876642.36736679,124184325600,136431270715,1782285
2025-05-29,13572146022,445140079.0,859184399.746892,1053329775.4239286,-194145375.67703664,124151905681,136405109004,1783482
2025-05-30,13955930770,411978261.0,833757767.3439748,921736355.2830665,-87978587.93909168,124056057889,136366651273,1735531
2025-05-31,9917937818,292906141.0,648740033.5368432,685252146.8922396,-36512113.35539639,124334251859,136696722491,1741476
2025-06-01,8861846095,180621886.0,553170717.4517386,541305871.1406592,11864846.311079383,124513812005,136886302078,1744916
2025-06-02,10306529711,151081353.0,915976052.9333171,696015917.9411926,219960134.99212444,124793214909,137186977701,1746959
2025-06-03,11221305619,172986419.0,840989586.0371506,923609445.1107177,-82619859.07356703,125277498781,137711906291,1745777
2025-06-04,9941098181,208563936.0,824468989.6065699,801923653.072258,22545336.53431189,125948045019,138418594365,1736719
2025-06-05,13447815160,275337248.0,988538941.902981,1044400069.3766462,-55861127.47366512,126119092055,138640144243,1726660
2025-06-06,10397512789,192097741.0,1009645667.9363734,1075595440.5646484,-65949772.62827504,125787665476,138382204811,1734997
2025-06-07,6941267199,101342243.0,708864852.7757983,688502646.9856842,20362205.790114164,126173024489,138864461173,1740039
2025-06-08,7265418406,93321457.0,539929890.6604666,552605930.4373418,-12676039.776875257,126293649983,138997509664,1739946
2025-06-09,11637276936,294186963.0,1022088295.6061654,1038865802.0794072,-16777506.473241806,126163029638,138876191186,1705385
2025-06-10,15189927537,154241890.0,1616966378.346142,1382939372.5506592,234027005.79548287,126262173407,138969266623,1625936
2025-06-11,13294394961,287024508.0,929232048.3312396,762808489.1666766,166423559.16456294,125872755090,138591201968,3052197
2025-06-12,12914717227,362098494.0,793648683.6862649,871048368.2965505,-77399684.61028564,125988371868,138753318089,1615204
2025-06-13,15031808307,206215233.0,897656167.318317,904920161.7678418,-7263994.44952476,125730485523,138494648257,2989082
2025-06-14,7745369702,136617689.0,392169889.24045753,445978984.6911574,-53809095.450699866,127053003019,139831446971,1709323
2025-06-15,8585653010,143579596.0,350271117.38016194,330964764.2161409,19306353.164021015,127011638671,139808586204,1713851
2025-06-16,14365120918,235851755.0,892802868.9383413,782301595.030336,110501273.90800524,126972507020,139791031318,1718544
2025-06-17,13911573011,242392797.0,668040436.6917336,671356106.1671135,-3315669.475379944,126796317811,139949847529,1716978
2025-06-18,11753447407,167149193.0,512066212.317971,535139785.0608841,-23073572.742913127,127366221062,140533521312,1716837
2025-06-19,9291834316,184184316.0,496542095.7294407,486688295.9026754,9853799.826765299,127303010785,140473791407,1714392
2025-06-20,11106751030,153762308.0,981220420.2017658,972388504.6372136,8831915.564552188,126992888067,140171737268,1610218
2025-06-21,9799873251,125355428.0,494490029.31433845,485410067.2879708,9079962.026367664,126952796419,139921090013,1605331
2025-06-22,13200657038,173985525.0,620732523.3592122,686164592.9060936,-65432069.54688144,127070187491,140060898300,1669188
2025-06-23,13661183702,233835201.0,768323817.504355,817035474.1831139,-48711656.67875898,126974151538,139947209583,1670131
2025-06-24,11345128752,163653729.0,1006268865.757605,1044668481.0032017,-38399615.24559677,126430675121,139406757944,1607226
2025-06-25,10704080374,135196208.0,678327586.8322383,584350872.4852139,93976714.34702444,126932579159,139822284690,1674491
2025-06-26,11063863086,506726159.0,719395933.7661114,693143171.6426301,26252762.123481274,126727472543,139594097792,1609239
2025-06-27,9202078359,118142139.0,571209896.622773,599395921.9990678,-28186025.376294732,126832974279,139688296850,1608806
2025-06-28,6762888852,105647119.0,308969972.2721955,311669809.5127038,-2699837.2405082583,126763477202,139633214897,1611854
2025-06-29,8274471425,181574956.0,464848968.77707195,447581244.049063,17267724.728008926,127049262677,139919821591,1616464
2025-06-30,14896208138,122136398.0,629150816.7280699,622434098.6750894,6716718.052980542,127045930713,139938207905,1612333
2025-07-01,9367750641,206749310.0,648580084.9634098,792395445.1036197,-143815360.1402099,127196010418,140100962732,1610237
2025-07-02,12084543698,235287619.0,917329491.6721276,915675608.6776937,1653882.9944338799,126337702227,140291423890,1616124
2025-07-03,11025634607,162710369.0,1657525718.6098413,1616751444.3957262,40774274.21411514,126445409402,140299861140,1676933
2025-07-04,8803342940,124081811.0,647482009.404634,621271541.1371464,26210468.267487645,126666519210,140476420528,1676451
2025-07-05,6625928821,63357660.0,426611379.96833944,416214067.8307198,10397312.137619615,126783101761,140641055165,2092548
2025-07-06,7681741842,68159113.0,393495601.68302405,393970821.0442893,-475219.3612652421,127002704493,140893821761,2060532
2025-07-07,10126139337,134869403.0,692859429.1443166,600141581.1369342,92717848.0073824,127035552182,140930900477,2060457
2025-07-08,10206749637,206560685.0,649250841.5049844,651247415.2738887,-1996573.7689043283,126683397415,140795107488,1622854
2025-07-09,12432144942,229070919.0,964747824.817656,1101824180.049687,-137076355.23203087,126407901867,140586979155,1626884
2025-07-10,13728904617,219397098.0,1386272004.4780457,1119040780.6971707,267231223.78087497,126569821521,140727725827,1637647
2025-07-11,16079158873,245860685.0,1395537545.9999614,1254285232.086739,141252313.9132223,127167329529,141333244953,1631485
2025-07-12,11878503695,125879893.0,1235294730.3770123,1022676790.772935,212617939.60407722,127837547775,141915237914,1650189
2025-07-13,11257748374,147518698.0,627766856.7348924,524791172.71623695,102975684.01865542,127802464111,141920030180,1636843
2025-07-14,15739044117,201436220.0,1443548572.6608706,1267007087.38792,176541485.27295065,127769850994,141842236538,1637091
2025-07-15,17152646390,278432588.0,1069053984.2311119,1352248373.2687595,-283194389.0376476,126607827326,141203508842,1635761
2025-07-16,15231899934,301119916.0,1361482182.1182435,1093919884.1577578,267562297.9604857,125465618428,140050065272,1642285
2025-07-17,17325602581,380527574.0,1125599113.5936782,1113488310.8466513,12110802.74702692,127759478397,142385683162,1654741
2025-07-18,18858628013,402101342.0,1269799874.0818639,1161435719.3623405,108364154.71952343,128921417464,143577199467,1654774
2025-07-19,10701159253,179710948.0,717752102.7497964,688923682.0275071,28828420.722289324,129591229332,144224381747,1655101
2025-07-20,13786862012,316210041.0,692840959.2481211,695294656.3368752,-2453697.088754058,129886093889,144526316113,1647539
2025-07-21,16550972495,295682364.0,1276466004.2197573,1176328633.0170803,100137371.20267701,129890284682,144749429420,1651468
2025-07-22,19472309706,339342857.0,914150927.154985,816341380.2063757,97809546.94860923,130141414459,144806323661,1637024
2025-07-23,16866099157,274223179.0,786627909.977272,872928232.6956671,-86300322.71839511,130640476311,145360207784,1625402
2025-07-24,16624156747,336717623.0,1063479169.436293,1108161863.1168811,-44682693.680588126,131615178406,146369618584,1616157
2025-07-25,16209373618,230237061.0,901384077.8362955,1101849129.3748906,-200465051.53859508,132432518814,147193168240,1655123
2025-07-26,10211462638,193246654.0,572295604.3721331,552365567.3317076,19930037.04042554,132103123905,146824808203,1619436
2025-07-27,12756599674,217376643.0,670594299.1532148,590238031.7813263,80356267.37188852,132372476472,147129289793,1627557
2025-07-28,15851392768,239111763.0,834457739.3804944,1003107050.6338794,-168649311.25338507,132649749430,147421306790,1611916
2025-07-29,15432532281,280267943.0,819246996.1319585,949097104.3728687,-129850108.24091017,132626868362,147388718742,1614375
2025-07-30,15801065293,481588461.0,905633831.5480347,945511616.5076761,-39877784.95964146,132716564325,147561398542,1602767
2025-07-31,14861541035,459975911.0,805175632.7591091,778114928.2480012,27060704.51110792,132973825442,147836698204,1606189
2025-08-01,17276600816,318345035.0,862199249.5722989,1049442600.0455413,-187243350.4732424,133934540850,148741976585,1600268
2025-08-02,11575332278,162419943.0,547182609.7549154,647718706.0693742,-100536096.31445885,134416358603,149264559008,1608898
2025-08-03,10475859812,422385352.0,565225072.5508062,558559045.2745814,6666027.276224732,134393468654,149243028338,1595376
2025-08-04,12102698076,237291955.0,914944814.4700779,920891826.8829201,-5947012.412842274,134932141373,149801804189,1620638
2025-08-05,12828783583,254244277.0,649268808.535426,644895545.6517774,4373262.883648634,135239252052,150234905462,1614142
2025-08-06,12091223139,248308801.0,681712569.9840441,719018403.2857426,-37305833.301698565,135532928467,150528521603,1616680
2025-08-07,13759096012,275472939.0,1149146768.4394696,1041570902.7467707,107575865.69269884,135594693767,150611142124,1624850
2025-08-08,14794105383,304894712.0,1036882660.3956729,924838935.6682208,112043724.72745216,135868382759,150933569359,1640078
2025-08-09,15910666020,374747622.0,904225976.8137994,786350898.2797284,117875078.53407097,136459066788,151632536091,1640352
2025-08-10,13866925741,251468802.0,712101589.9167119,699601204.4434288,12500385.473283172,137019527247,152186636429,1638950
2025-08-11,17299009695,390754331.0,1135270277.4886308,1020754405.9266498,114515871.56198096,137260072581,152441430736,1632129
2025-08-12,20736271436,442938351.0,1265548478.113035,1030467368.4475269,235081109.66550803,137841318934,153090538248,1638800
2025-08-13,20202595737,818322003.0,1649527794.6377614,1442950487.2252076,206577307.4125538,138563255864,153817874024,1647486
2025-08-14,24826330759,433496361.0,2753557253.405303,1696112515.0817142,1057444738.3235888,138852378452,154181775085,1636022
2025-08-15,17257786267,521853963.0,1119963462.9399526,1206960780.6593785,-86997317.71942592,140856536190,156125829388,1683281
2025-08-16,10631224584,178064270.0,589599544.8329961,571811585.6957576,17787959.137238503,142710810243,157984196626,1500385
2025-08-17,10972249994,145650332.0,548955993.1535181,550658456.7568934,-1702463.6033753157,142729692615,157931254330,1633333
2025-08-18,16513452714,395545750.0,1025435846.4558219,1173984233.358033,-148548386.90221107,143220975899,158548973765,1639126
2025-08-19,15881423482,289043785.0,1124257900.419348,1226327789.9265056,-102069889.50715756,143018286200,158346400490,1639941
2025-08-20,15699456627,349142868.0,1541690729.0132868,1564235119.8089607,-22544390.795673847,143384483297,158815005431,1636322
2025-08-21,15456452971,351685247.0,1076029215.0229223,1250482201.3182993,-174452986.29537702,143531437357,158949542071,1650338
2025-08-22,22330735237,456820968.0,1802478194.1688511,1443119788.0518477,359358406.11700344,143072848984,158500267988,1656785
2025-08-23,16054697926,595784444.0,1142202182.7299767,1066736610.9124329,75465571.81754375,142961414820,158367054666,1656859
2025-08-24,20229109428,249806917.0,442452049.6236027,421407498.7791724,21044550.844430268,143777696518,159222386232,1651730
2025-08-25,21061518538,338097790.0,446250388.5579719,502222282.6298509,-55971894.07187903,143976984837,159355796524,1636054
2025-08-26,17343968652,276600169.0,410170311.8010547,421065366.6076851,-10895054.806630373,145684943618,161070541418,1643808
2025-08-27,17894828508,277432214.0,564381408.6566937,581294553.2252451,-16913144.56855142,145894524467,161311792164,1648297
2025-08-28,15055747428,216191432.0,892018431.2922598,870466280.7816408,21552150.510619044,146359574503,161718447228,1634217
2025-08-29,19224270543,223285563.0,1278393871.433168,1341585237.7524118,-63191366.31924391,148723921622,164158648348,1634751
2025-08-30,9767887459,131796773.0,819430734.2531958,717638171.8378847,101792562.4153111,149750798728,165166401519,1634963
2025-08-31,10175802592,131484396.0,794843937.9271119,799923241.8731253,-5079303.946013451,150143316699,165555933623,1633968
2025-09-01,15271439274,188017720.0,1243203924.2157702,1322988353.4374356,-79784429.22166538,150282488074,165686181915,1619934
2025-09-02,14448984902,308476776.0,916017805.4730922,1211225797.3373334,-295207991.86424124,150322865461,165747285105,1623606
2025-09-03,13685139062,208029314.0,1100317910.9388256,1143119558.005536,-42801647.06671047,149613983292,165067419092,1595694
2025-09-04,14283158052,283695938.0,1073170859.9414575,1271436589.9164855,-198265729.97502804,150469866303,165984608122,1590413
2025-09-05,16447940490,259331460.0,1138495171.8218787,1001244755.1746,137250416.64727867,153279253670,168824183705,1581763
2025-09-06,9148100056,330741712.0,625666845.0808667,600946708.3155832,24720136.765283465,153669176854,169292671085,1581774
2025-09-07,8450268674,162077254.0,547050947.420991,582708693.731983,-35657746.310992,153790050382,169404965829,1583997
2025-09-08,13673385043,301804722.0,677226219.0547901,594397598.3034006,82828620.7513895,153560323351,169259377593,1588387
2025-09-09,15084996111,282280723.0,1265896538.9725494,1246221647.8333595,19674891.13918996,153902574340,169403125841,1449786
2025-09-10,15545343819,232448126.0,1413668859.5425675,1216914349.4774432,196754510.06512427,154046491935,169687053578,1586321
2025-09-11,15764781332,295312621.0,1177856446.5295181,1199824106.5330129,-21967660.00349474,154027232477,169706755033,1587136
2025-09-12,16985831325,232732845.0,1440880224.1393027,1297371479.958671,143508744.18063164,154565215262,170245324571,1589884
2025-09-13,14454225799,183357691.0,1069061773.24132,955070833.515791,113990939.72552896,155760178220,171483718109,1591565
2025-09-14,15025061183,134756401.0,964115779.3298862,928149847.9104832,35965931.41940296,156630821019,172401198246,1594820
2025-09-15,19337047544,325654957.0,1180196668.6400208,1212837028.7003772,-32640360.06035638,156991327219,172733797128,1586976
2025-09-16,16445975505,216816382.0,1165962085.363772,1199586822.6989293,-33624737.335157394,157079647608,172896188083,1588842
2025-09-17,19131462895,260914345.0,1271722496.334454,1283148484.3603542,-11425988.025900126,159148826406,174884728149,1590441
2025-09-18,17273227027,287759764.0,1301001284.7868803,1237603445.678868,63397839.1080122,159278052414,175041461133,1590549
2025-09-19,15919661705,221705977.0,1218556760.596654,1273950969.3848143,-55394208.788160324,160701379747,176469825444,1601933
2025-09-20,14309573375,141913828.0,1012741255.1388202,1021820461.8243228,-9079206.685502648,161579215102,177330684572,1603361
2025-09-21,15485423108,144049554.0,1024307634.0841705,997485834.871285,26821799.2128855,161737507773,177481987299,1599950
2025-09-22,22291251406,312362989.0,1604925548.994413,1778418960.934156,-173493411.93974304,161482436315,177463517964,1578530
2025-09-23,20214295659,268909038.0,3849999720.2566113,1746164054.6648633,2103835665.591748,162201515837,178113717486,1575145
2025-09-24,19537603180,359232692.0,3468015405.3838043,1419935445.2987216,2048079960.0850828,161701118710,179179878095,1578206
2025-09-25,29220766809,843472898.0,7816758966.965137,3672603867.7994447,4144155099.165692,161789106070,180414899786,1572817
2025-09-26,20761820537,484580533.0,6127564749.423046,3277611726.382551,2849953023.040495,159877354898,180378656934,1574407
2025-09-27,13535814140,710684664.0,1089525143.7320454,837840532.422541,251684611.3095044,158188608834,180644822149,1574816
2025-09-28,12845568370,304449561.0,67153503.57833064,61984695.09674439,5168808.481586248,157933564425,180906534588,1575401
2025-09-29,16133565264,393255812.0,360259730.3633939,342027547.7599346,18232182.6034593,158080624030,181138356689,1574565
2025-09-30,16329165024,488416377.0,1942029520.6102452,2087886484.614576,-145856964.00433087,157866271013,181038865529,1575847
2025-10-01,16585730460,276018575.0,3093538932.540806,3228386771.7422314,-134847839.20142555,158854163883,181977344604,1583272
2025-10-02,18497311438,306536495.0,1244121820.278405,1209043057.9688697,35078762.309535265,159489634918,182099758034,1584944
2025-10-03,19477446115,449883810.0,256288310.46151462,362176468.5060339,-105888158.04451928,159840937193,182447082652,1601243
2025-10-04,12912231502,177903423.0,217463240.1650046,271381355.4465949,-53918115.28159028,160935325607,183431984940,1604719
2025-10-05,16049678188,225656071.0,337909449.7950213,291889945.8957182,46019503.89930308,161503279855,183846737206,1605413
2025-10-06,19014536093,255819133.0,1521291434.1206226,1415887482.1212993,105403951.99932337,161289054634,183446329394,1608360
2025-10-07,23435437088,332734048.0,2344840733.314852,2034968759.236846,309871974.07800627,161583669120,183738682179,1620557
2025-10-08,21593399317,210753727.0,4062131262.2002535,4749945954.437964,-687814692.237711,161375117239,184263236546,1621148
2025-10-09,21350547184,244170109.0,3135469014.2998095,4232889994.8657713,-1097420980.5659618,159992698706,183915691376,1624334
2025-10-10,33430411996,802042238.0,3462483125.604469,3477198923.145757,-14715797.541288376,160761051923,183778405925,1573848
2025-10-11,25471772610,469510191.0,6336712868.192877,6315138890.407831,21573977.785045624,159962886762,183239558444,4971928
2025-10-12,22492117716,355587032.0,1527041340.3117433,1665873523.1029007,-138832182.79115748,158852603908,182239348288,5438818
2025-10-13,21910703267,356321509.0,1786200636.157211,1974116147.5402746,-187915511.38306355,158695862783,182091121481,5691797
2025-10-14,24612930560,382480493.0,1811033378.3579333,1962432632.6183872,-151399254.26045394,159298339034,183217629809,5147265
2025-10-15,20337738280,383160215.0,1523391278.147572,1459554426.5535963,63836851.59397578,161623166233,185539747587,5568711
2025-10-16,20807751498,653527518.0,1931242175.2061262,1950032352.0282753,-18790176.82214904,162165674276,186095329634,5575333
2025-10-17,19915778467,457121525.0,1961365545.0650842,1933513580.9773533,27851964.087730885,162813373525,186911738036,5622373
2025-10-18,12357413058,140188508.0,798831128.8131684,893933229.8294528,-95102101.01628435,163622470555,187827234031,5542552
2025-10-19,13589563553,219689090.0,1018273818.722424,950015477.1454909,68258341.57693315,163977826678,188164734050,5532831
2025-10-20,14411497521,183554576.0,1356597790.1873524,1358995741.5872269,-2397951.399874449,164459635274,188522428545,5491976
2025-10-21,17125583519,413127723.0,2129993193.9762764,2939124050.8098893,-809130856.8336129,163653462196,188010862751,5491165
2025-10-22,16796023757,325604774.0,1499249543.5918708,1513544907.4921565,-14295363.90028572,165108842652,188804394609,5570082
2025-10-23,15579408503,334077879.0,1901724958.1830833,2114789031.5680273,-213064073.38494396,163570107574,187394299275,5632311
2025-10-24,15067252908,461575157.0,1255818693.3091547,1219380282.7123532,36438410.59680152,162994374878,186763278089,5634979
2025-10-25,10643174488,375198775.0,767570263.3163211,685011277.5562657,82558985.76005542,163649175208,187490841326,5649933
2025-10-26,11608490109,414311087.0,1053953921.3356372,889450757.3757755,164503163.95986176,163642042074,187528392701,5648583
2025-10-27,16576381883,610694209.0,2056503814.9188948,1846272046.844511,210231768.07438374,163368899437,187341390657,5693127
2025-10-28,15769051252,389171900.0,1992403057.5988858,2647957846.867217,-655554789.2683313,163163043795,187333858255,5742526
2025-10-29,16437385794,293462422.0,1761522470.9303374,1852632871.1913598,-91110400.26102233,163859442725,187436152484,5789360
2025-10-30,18178082373,332833788.0,2242048725.4464374,2898028474.7968082,-655979749.3503709,163343420505,186852739753,5811030
2025-10-31,14902293726,414227256.0,2429900009.142756,3486563725.8897977,-1056663716.7470417,164135299009,186952651955,5779215
2025-11-01,10208502660,379448891.0,923521448.1359445,1057909429.382916,-134387981.2469715,165565409112,187240079586,6308752
2025-11-02,10248731237,159136254.0,976513096.9928665,921589337.6549596,54923759.33790696,165779100269,187351926003,6355146
2025-11-03,18324090845,561458846.0,2296202251.871006,2951016209.085102,-654813957.2140961,165576980162,187219593098,6388716
2025-11-04,24591126380,785613782.0,2702711918.915744,3399790574.4063087,-697078655.4905648,166202985946,187384797759,6299073
2025-11-05,17338082257,946500483.0,3088414817.4568114,4298434944.292077,-1210020126.8352656,166118692016,186711160330,6351567
2025-11-06,17076593847,618695379.0,1697892983.5119898,1823635255.9579947,-125742272.44600487,167378919070,186888226080,6340920
2025-11-07,19398649028,517370880.0,1926745804.2728207,2348801214.7911887,-422055410.518368,167216142428,186839846912,6389511
2025-11-08,12501193722,224361405.0,1105857889.9013214,1201426909.4666598,-95569019.56533837,167579309998,187143635499,6175815
2025-11-09,15253600741,684852964.0,949205970.7915094,911079748.09868,38126222.69282937,167438553277,187026855389,6081329
2025-11-10,15182994628,405024153.0,1481481485.0367343,1325382721.0501277,156098763.9866066,167353684224,187008903247,6056439
2025-11-11,14573601550,367099471.0,1443292593.2500849,1307827035.0423558,135465558.2077291,167828630998,187581797027,6048609
2025-11-12,14695362339,629820366.0,1376688096.1510916,1235942058.619083,140746037.53200865,168345428276,188267162647,6092665
2025-11-13,15513813033,733148861.0,1529441648.0198913,1448282804.6543884,81158843.36550283,168235071640,188228605889,5999148
2025-11-14,15060587527,398167782.0,1218803341.022015,1244455199.7772312,-25651858.75521612,167882289193,188073966566,5886658
2025-11-15,10684368234,223846349.0,836152376.4720474,804534363.6305578,31618012.841489673,167680994586,187871949618,5928954
2025-11-16,10980929222,214943257.0,813712645.0269907,822588802.2671942,-8876157.2402035,167596093837,187832338958,5890429
2025-11-17,13450376888,322028371.0,1842966772.3089287,1994404474.182942,-151437701.8740132,165421691591,185657506965,5896481
2025-11-18,13177736150,407458322.0,1314309264.0798523,1440276656.7492852,-125967392.66943288,165427839541,185555766018,5909154
2025-11-19,12400561734,445984856.0,1214026062.8958447,1427183341.08825,-213157278.19240522,165583176840,185683375782,5877114
2025-11-20,13882974545,459653822.0,1727180129.935628,1604852746.8816335,122327383.05399442,165602918145,185647952309,5842504
2025-11-21,17831553317,1343155283.0,2284681039.7874045,2704291175.684801,-419610135.89739656,165571403790,185619800668,5837691
2025-11-22,9151699766,271168744.0,823977172.4853733,810597544.3565732,13379628.128800035,165225705972,185239417694,5296614
2025-11-23,9294083825,395259232.0,1162234903.3791244,710357551.5996224,451877351.77950203,165247881567,185349910891,5325148
2025-11-24,10257353726,335239233.0,1266680974.3389626,1367154301.0058253,-100473326.66686273,165095195483,185236820280,5315071
2025-11-25,10125593105,345542561.0,1444360503.3195302,1502157632.473186,-57797129.15365577,166184837448,186159817421,5316006
2025-11-26,10509312028,432716278.0,1075916876.1408386,936903298.4992592,139013577.6415794,166614802541,186571708774,5300491
2025-11-27,11313620211,742101602.0,1462305499.189655,4385354059.638909,-2923048560.449254,167074753081,187028580154,5276610
2025-11-28,10908735478,291336654.0,1579997350.4479887,1766441776.191305,-186444425.74331617,167249470458,187073210203,5279297
2025-11-29,8496610458,146417642.0,602516102.198599,632945017.7103193,-30428915.5117203,167182061740,186834943428,5256489
2025-11-30,8283627881,106615416.0,1180685451.1623256,919093253.1716938,261592197.99063182,167284579975,186925137591,5301335
2025-12-01,13159120300,403999710.0,1333244934.8273344,1364956994.9123185,-31712060.084984064,166683203294,186560714735,5280435
2025-12-02,11790669071,357500387.0,1411549232.4269881,1389856780.988859,21692451.438129187,166926519656,186748204219,5179788
2025-12-03,11645136314,298681004.0,1283432061.1622655,1349515934.133375,-66083872.97110939,166351379208,186127403865,4988157
2025-12-04,11047281062,350692128.0,1434251886.6664343,1275475976.7169456,158775909.94948864,166642036726,186415570530,4850451
2025-12-05,10961243896,246148914.0,1156404639.0736823,1118380360.1118586,38024278.9618237,166607419339,186592940018,4883791
2025-12-06,7630308021,97080049.0,707723104.241093,602876072.4698825,104847031.77121055,166621653053,186624808325,4854751
2025-12-07,9769965360,258775724.0,800168226.4184216,656397288.5866382,143770937.8317834,166095445430,186181632365,4864278
2025-12-08,10836607542,212734026.0,1979588589.2068157,955905236.9962806,1023683352.2105352,166316380588,186422907247,4822071
2025-12-09,12546056221,265310855.0,1966438582.2368999,1794817062.6770225,171621519.5598774,165169862705,185130659824,4814775
2025-12-10,11533010448,376933697.0,1324774305.660098,1330799971.645174,-6025665.985075951,165038169053,185643244474,4800977
2025-12-11,11922604745,235904402.0,1727662786.8303275,1669787742.089118,57875044.74120951,164975926041,185571678236,4818888
2025-12-12,10504151138,392901520.0,1309376973.4439502,1447338582.8186994,-137961609.37474918,165677786744,186308136702,4818925
2025-12-13,7059615719,154918564.0,889423584.1293168,707604017.6400427,181819566.48927414,165791549534,186308115901,4743325
2025-12-14,7478281155,82887371.0,761633052.8960328,647228213.7257631,114404839.17026973,166085600888,186642320288,4741677
2025-12-15,12103689062,594562152.0,2218903114.47169,2034610166.722363,184292947.74932718,165945261830,186512447332,4702639
2025-12-16,10700537225,318894227.0,2036940510.5783782,2738860316.5136166,-701919805.9352384,165531121258,186324300055,4705106
2025-12-17,11013921257,385427305.0,1533923385.857121,1543091549.7800267,-9168163.922905684,165959321947,186323024256,4706310
2025-12-18,11941173775,696790379.0,1591306444.0131927,1760522025.786326,-169215581.77313328,166179094375,186362434216,4708094
2025-12-19,11128107409,408080862.0,1139152647.688785,1181953279.051831,-42800631.36304593,165760947453,185947431372,4736094
2025-12-20,7148411220,57674870.0,765124107.0664744,801198384.7044106,-36074277.637936115,166821437806,187059952583,4755381
2025-12-21,7885927875,98170902.0,491958422.94967085,557312120.0030713,-65353697.05340046,167467697907,187731607856,4772313
2025-12-22,10769085677,269006552.0,1396156848.4999492,1601013203.6234353,-204856355.12348604,166354310531,186547206486,4765908
2025-12-23,10305722329,316838115.0,1353944520.098417,1262294359.8821135,91650160.21630359,166380150529,186439951143,4836952
2025-12-24,8657510458,152655967.0,1451630542.7865853,1565157332.3793495,-113526789.59276414,165789299155,185852846541,4871731
2025-12-25,8184692749,94739871.0,895947354.8387085,878656304.4830008,17291050.355707765,165477318658,185477939170,4787436
2025-12-26,8994549554,120667404.0,994771863.3443764,1055062777.6442889,-60290914.29991245,165607315311,185656067107,4791372
2025-12-27,6946363078,137524917.0,620892653.115106,605263782.5594903,15628870.555615664,165869401780,185948881989,4779864
2025-12-28,6750076145,131135164.0,602872054.4419756,525418762.3660136,77453292.075962,165843810236,185931211401,4748115
2025-12-29,10977838868,210524658.0,1328999356.1811633,1395050529.218223,-66051173.037059784,165884503506,186017880269,4843318
2025-12-30,10523019685,388544017.0,3363152142.6431823,2342544300.198273,1020607842.4449091,166436148878,186462640300,4855990
2025-12-31,9911999915,223815704.0,1643186416.8401291,2308874973.352524,-665688556.5123947,164370303947,184869115976,4907722
2026-01-01,7123594910,378531567.0,657342474.8842864,882948912.1922048,-225606437.30791843,164277395318,184549120363,4873505
2026-01-02,10314103628,378688503.0,1062046306.3716003,1033489330.9126908,28556975.45890951,164852448269,185100687358,4884995
2026-01-03,8420762618,225085813.0,585796166.3515005,625749266.7771719,-39953100.42567134,164957903448,185205894902,4771049
2026-01-04,8588484961,110675111.0,486982913.0808969,490571002.6301868,-3588089.549289882,165121651094,185371688989,4779681
2026-01-05,12359570899,228031818.0,1169265722.3373709,1193407139.2001011,-24141416.862730265,165322234711,185557680286,4796982
2026-01-06,12969927738,368656240.0,1609169901.755744,2158556981.0724034,-549387079.3166595,164898400490,185197391830,4805114
2026-01-07,11693358995,311301405.0,1234386532.40621,2098511393.0108845,-864124860.6046746,165259490644,185553636305,4803978
2026-01-08,9443962100,189692858.0,1154915354.3715503,1706927739.8199224,-552012385.4483721,165876659497,186133163998,4854500
2026-01-09,8755227901,137207733.0,1089558306.227764,1635088848.3673077,-545530542.1395438,165653020011,185930020287,5114557
2026-01-10,5438748132,89062511.0,807887687.8639998,835461864.2598152,-27574176.395815372,164466105593,184962021639,5066984
2026-01-11,7370754916,76304078.0,714789796.4638803,605715642.8304064,109074153.63347387,164312701155,184799366250,5050671
2026-01-12,9582039845,127667338.0,1253202715.7423623,1160321280.3241568,92881435.4182055,164217353698,184693299371,5051278
2026-01-13,11157768929,280717260.0,2085686371.4427977,2087078833.454217,-1392462.0114192963,163783762496,184142891243,5542739
2026-01-14,13366390078,400276670.0,2386345486.6759443,2658936556.3281345,-272591069.6521902,164767551734,185323356241,5698897
2026-01-15,12394528337,391476243.0,1761089382.4555113,2424326806.3503704,-663237423.8948591,164606269246,185140621660,5693917
2026-01-16,10440955836,332149788.0,989146828.1218555,1744193200.8932736,-755046372.7714181,164756548985,185217058587,5621146
2026-01-17,7477736722,193145473.0,643584999.6699836,603395764.2396839,40189235.43029976,165255978087,185695346664,5454643
2026-01-18,7458852402,85528854.0,436503976.5067459,423830836.18883157,12673140.317914307,165384149456,185871891055,5426318
2026-01-19,11101158430,159161712.0,1573639842.9338086,1765224911.8642957,-191585068.93048716,165018954320,185524761206,5435145
2026-01-20,15359279830,776752104.0,1984188771.9466426,2085371860.2743573,-101183088.32771468,164627565041,185123765355,5403526
2026-01-21,16630384349,802395284.0,1487008461.0380406,1396112853.1218212,90895607.91621947,162383723807,182904119150,5409049
2026-01-22,12917418828,287460493.0,1302103669.1349113,1359760238.868375,-57656569.733463764,161953156694,182429102177,5347358
2026-01-23,11864259739,290933704.0,1721641089.9973097,1629796634.0576963,91844455.93961334,161894073473,182288242647,5348783
2026-01-24,8120215361,272152043.0,772431171.8491518,824953539.9032766,-52522368.05412471,161952360389,182314486611,5343266
2026-01-25,10029349193,241638734.0,769479887.6410995,774766558.9921055,-5286671.351006031,162233309722,182631988912,5331699
2026-01-26,11197754908,237804361.0,1352905385.8990786,1388870724.3674922,-35965338.46841359,162193337030,182581541846,5316621
2026-01-27,11455867734,272454483.0,1454105899.7466097,1482433811.3611274,-28327911.61451769,161127888655,181634052361,6551675
2026-01-28,11372030711,275254537.0,1571376377.9140403,1700167615.9093194,-128791237.99527907,161006976446,181339399143,11778938
2026-01-29,11669778486,304818736.0,1914664697.4946322,2076117169.4982753,-161452472.00364304,160976440495,181298984855,11830940
2026-01-30,15109695924,375454453.0,1790498682.9108732,1970059355.002157,-179560672.0912838,160150636159,180417878234,11361968
2026-01-31,17738445770,749874030.0,1658908164.5443125,1625205557.1241193,33702607.420193195,159517981873,179760874810,5106038
2026-02-01,14128327376,768571488.0,1023600826.9859602,1100259190.6071138,-76658363.6211536,159135843279,179317964625,5200539
